licitacao,unidade,modalidade,item_lote,item_id,codigo_item_siga,descricao,quantidade,exclusivo_me_epp
CC 001/21,SETRANS - SECRETARIA DE ESTADO DE TRANSPORTES,CONCORRÊNCIA,Item: 1 Lote: 1,168678,0657.021.0069,"SERVICOS DE CONSULTORIA,DESCRICAO: CONSULTORIA PARA ELABORACAO DE MODELAGEM DE PROCESSO LICITATORIO PARA OUTORGA DOS SERVICOS DE GESTAO OPERACAO E MANUTENCAO DE INSTALACOES, EM TRANSPORTE AQUAVIARIO COLETIVO INTERMUNICIPAL DE PASSAGEIROS E CARGAS, TIPO SERVICO: SERVICOS DE CONSULTORIA, ORIGEM: PESSOA JURIDICA - ID:168678 - Código do Item:0657.021.0069",1,N
CC 001/23,SETRANS - SECRETARIA DE ESTADO DE TRANSPORTES,CONCORRÊNCIA,Item: 1,183435,0215.012.0005,"ESTUDOS DE VIABILIDADE TECNICO-ECONOMICO,DESCRICAO: CONTRATACAO DE EMPRESA PARA ELABORACAO DOS SERVICOS TECNICOS ESPECIALIZADOS PARA DESENVOLVIMENTO DOS ESTUDOS DE VIABILIDADE TECNICA, JURIDICA, ECONOMICA E AMBIENTAL (EVTJEA) - ID:183435 - Código do Item:0215.012.0005",1,N
CC 002/23,DER-RJ - FUND DEP ESTRADAS DE RODAGEM DO ESTADO DO RJ,CONCORRÊNCIA,Item: 1,162556,0663.002.0005,"SERVICOS EM RODOVIAS,DESCRICAO: CONTRATACAO DE EMPRESA PARA SERVICO DE FRESAGEM E RECAPEAMENTO NAS RODOVIAS, ORIGEM: PESSOA JURIDICA - ID:162556 - Código do Item:0663.002.0005",1,N
CC 002/23,ITERJ - INSTIT DE TERRAS E CARTOGRAFIA DO EST DO RJ,CONCORRÊNCIA,Item: 1 Lote: 1,172679,0326.010.0016,"SERVICO DE PAVIMENTACAO,DESCRICAO: SERVICOS DE RECUPERACAO ASFALTICA, PAVIMENTACAO E DRENAGEM DE VIAS URBANAS, ORIGEM: PESSOA JURIDICA - ID:172679 - Código do Item:0326.010.0016",184139,N
CC 002/23,ITERJ - INSTIT DE TERRAS E CARTOGRAFIA DO EST DO RJ,CONCORRÊNCIA,Item: 2 Lote: 2,172679,0326.010.0016,"SERVICO DE PAVIMENTACAO,DESCRICAO: SERVICOS DE RECUPERACAO ASFALTICA, PAVIMENTACAO E DRENAGEM DE VIAS URBANAS, ORIGEM: PESSOA JURIDICA - ID:172679 - Código do Item:0326.010.0016",128139,N
CC 002/23,RIOTRILHOS - COMP DE TRANSP SOBRE TRILHOS DO EST DO RJ,CONCORRÊNCIA,Item: 1,113402,0794.002.0002,"CESSAO DE USO DE IMOVEL PUBLICO,DESCRICAO: UTILIZACAO DE AREA CONFORME PERMISSAO DE USO - ID:113402 - Código do Item:0794.002.0002",1,S
CC 002/23,FAETEC - CCF - FUND DE APOIO À ESCOLA TÉCNICA DO EST DO RJ,CONCORRÊNCIA,Item: 1 Lote: 1,92376,0646.001.0003,"PREDIOS PUBLICOS,DESCRICAO: CONTRATACAO DE EMPRESA DE ENGENHARIA PARA CONSTRUCAO DE PREDIO PUBLICO - ID:92376 - Código do Item:0646.001.0003",1,N
CC 003/22,DER-RJ - FUND DEP ESTRADAS DE RODAGEM DO ESTADO DO RJ,CONCORRÊNCIA,Item: 1,157121,0787.002.0003,"SERVICO DE DESOBSTRUCAO E CONTENCAO,DESCRICAO: CONTRATACAO DE PRESTACAO DE SERVICOS DE CONTENCAO DE ENCOSTAS - ID:157121 - Código do Item:0787.002.0003",1,N
CC 004/23,DER-RJ - FUND DEP ESTRADAS DE RODAGEM DO ESTADO DO RJ,CONCORRÊNCIA,Item: 1,162556,0663.002.0005,"SERVICOS EM RODOVIAS,DESCRICAO: CONTRATACAO DE EMPRESA PARA SERVICO DE FRESAGEM E RECAPEAMENTO NAS RODOVIAS, ORIGEM: PESSOA JURIDICA - ID:162556 - Código do Item:0663.002.0005",1,N
CC 004/23,UENF - UNIV EST DO NORTE FLUMINENSE DARCY RIB,CONCORRÊNCIA,Item: 1 Lote: 1,92376,0646.001.0003,"PREDIOS PUBLICOS,DESCRICAO: CONTRATACAO DE EMPRESA DE ENGENHARIA PARA CONSTRUCAO DE PREDIO PUBLICO - ID:92376 - Código do Item:0646.001.0003",1,N
CC 008/23,DER-RJ - FUND DEP ESTRADAS DE RODAGEM DO ESTADO DO RJ,CONCORRÊNCIA,Item: 1,157121,0787.002.0003,"SERVICO DE DESOBSTRUCAO E CONTENCAO,DESCRICAO: CONTRATACAO DE PRESTACAO DE SERVICOS DE CONTENCAO DE ENCOSTAS - ID:157121 - Código do Item:0787.002.0003",1,N
CC 009/19,INEA - INSTITUTO ESTADUAL DO AMBIENTE,CONCORRÊNCIA,Item: 1 Lote: 1,123632,0787.002.0001,"SERVICO DE DESOBSTRUCAO E CONTENCAO,DESCRICAO: PRESTACAO DE SERVICO DE DESOBSTRUCAO E CONTENCAO DAS MARGENS DE RIOS - ID:123632 - Código do Item:0787.002.0001",1,N
CC 01/23,SEIOP - SECRETARIA DE ESTADO DE INFRAESTRUTURA E OBRAS PUBLICAS - SEIOP,CONCORRÊNCIA,Item: 1 Lote: 1,160996,0787.003.0008,"SERVICO DE CONSTRUCAO DE ESTRUTURAS,DESCRICAO: CONTRATACAO DE EMPRESA ESPECIALIZADA EM SERVICO DE CONTRUCAO CIVIL, ORIGEM: PESSOA JURIDICA - ID:160996 - Código do Item:0787.003.0008",1,N
CC 010/23,DER-RJ - FUND DEP ESTRADAS DE RODAGEM DO ESTADO DO RJ,CONCORRÊNCIA,Item: 1,162556,0663.002.0005,"SERVICOS EM RODOVIAS,DESCRICAO: CONTRATACAO DE EMPRESA PARA SERVICO DE FRESAGEM E RECAPEAMENTO NAS RODOVIAS, ORIGEM: PESSOA JURIDICA - ID:162556 - Código do Item:0663.002.0005",1,N
CC 010/23,INEA - INSTITUTO ESTADUAL DO AMBIENTE,CONCORRÊNCIA,Item: 1 Lote: 1,166666,0787.003.0012,"SERVICO DE CONSTRUCAO DE ESTRUTURAS,DESCRICAO: CONTRATACAO DE EMPRESA ESPECIALIZADA EM PROJETO EXECUTIVO E EXECUCAO DE OBRAS PARA CANALIZACAO DE RIO, ORIGEM: PESSOA JURIDICA - ID:166666 - Código do Item:0787.003.0012",1,N
CC 011/22,DER-RJ - FUND DEP ESTRADAS DE RODAGEM DO ESTADO DO RJ,CONCORRÊNCIA,Item: 1,162556,0663.002.0005,"SERVICOS EM RODOVIAS,DESCRICAO: CONTRATACAO DE EMPRESA PARA SERVICO DE FRESAGEM E RECAPEAMENTO NAS RODOVIAS, ORIGEM: PESSOA JURIDICA - ID:162556 - Código do Item:0663.002.0005",1,N
CC 017/23,DER-RJ - FUND DEP ESTRADAS DE RODAGEM DO ESTADO DO RJ,CONCORRÊNCIA,Item: 1,160996,0787.003.0008,"SERVICO DE CONSTRUCAO DE ESTRUTURAS,DESCRICAO: CONTRATACAO DE EMPRESA ESPECIALIZADA EM SERVICO DE CONTRUCAO CIVIL, ORIGEM: PESSOA JURIDICA - ID:160996 - Código do Item:0787.003.0008",1,N
CC 038/22,DER-RJ - FUND DEP ESTRADAS DE RODAGEM DO ESTADO DO RJ,CONCORRÊNCIA,Item: 1,162556,0663.002.0005,"SERVICOS EM RODOVIAS,DESCRICAO: CONTRATACAO DE EMPRESA PARA SERVICO DE FRESAGEM E RECAPEAMENTO NAS RODOVIAS, ORIGEM: PESSOA JURIDICA - ID:162556 - Código do Item:0663.002.0005",1,N
CC 13/23,SEIOP - SECRETARIA DE ESTADO DE INFRAESTRUTURA E OBRAS PUBLICAS - SEIOP,CONCORRÊNCIA,Item: 1 Lote: 1,160996,0787.003.0008,"SERVICO DE CONSTRUCAO DE ESTRUTURAS,DESCRICAO: CONTRATACAO DE EMPRESA ESPECIALIZADA EM SERVICO DE CONTRUCAO CIVIL, ORIGEM: PESSOA JURIDICA - ID:160996 - Código do Item:0787.003.0008",1,N
CC 14/23,SEIOP - SECRETARIA DE ESTADO DE INFRAESTRUTURA E OBRAS PUBLICAS - SEIOP,CONCORRÊNCIA,Item: 1 Lote: 1,160996,0787.003.0008,"SERVICO DE CONSTRUCAO DE ESTRUTURAS,DESCRICAO: CONTRATACAO DE EMPRESA ESPECIALIZADA EM SERVICO DE CONTRUCAO CIVIL, ORIGEM: PESSOA JURIDICA - ID:160996 - Código do Item:0787.003.0008",1,N
CC 33/22,SEIOP - SECRETARIA DE ESTADO DE INFRAESTRUTURA E OBRAS PUBLICAS - SEIOP,CONCORRÊNCIA,Item: 1 Lote: 1,160996,0787.003.0008,"SERVICO DE CONSTRUCAO DE ESTRUTURAS,DESCRICAO: CONTRATACAO DE EMPRESA ESPECIALIZADA EM SERVICO DE CONTRUCAO CIVIL, ORIGEM: PESSOA JURIDICA - ID:160996 - Código do Item:0787.003.0008",1,N
CC-001/23,FUNESBOM - FUNDO ESPECIAL DO CORPO DE BOMBEIROS,CONCORRÊNCIA,Item: 1,53601,0149.001.0002,"SERVICOS DE ENGENHARIA E ARQUITETURA,DESCRIÇÃO: CONTRATACAO DE SERVICOS DE ENGENHARIA E ARQUITETURA, ESPECIALIZADA EM DESENVOLVIMENTO E ELABORACAO DE PROJETOS - ID:53601 - Código do Item:0149.001.0002",1,N
CC-002/23,FUNESBOM - FUNDO ESPECIAL DO CORPO DE BOMBEIROS,CONCORRÊNCIA,Item: 1 Lote: 1,150907,0656.003.0017,"PROJETO EXECUTIVO,DESCRIÇÃO: CONTRATACAO DE EMPRESA ESPECIALIZADA PARA ELABORACAO DE PROJETO EXECUTIVO E EXECUCAO DE OBRA DE REFORMA - ID:150907 - Código do Item:0656.003.0017",1,N
CC0001/22,SECC - SECRETARIA DE ESTADO DA CASA CIVIL,CONCORRÊNCIA,Item: 1,80932,0308.002.0015,"SERVICOS DE APOIO AS ATIVIDADES ADMINISTRATIVAS, TECNICAS E OPERACIONAIS,DESCRIÇÃO: CONTRATACAO DE SERVICOS DE GESTAO DE CENTRAL DE ATENDIMENTO AO CIDADAO, COM SERVICOS DE ADEQUACAO DO IMOVEL, OPERACAO E MANUTENCAO DA UNIDADE - ID:80932 - Código do Item:0308.002.0015",60641700,N
CE 001/26,UENF - UNIV EST DO NORTE FLUMINENSE DARCY RIB,CONCORRÊNCIA ELETRÔNICA - 14.133/2021,Item: 1,58937,0223.055.0002,"SERVICO DE REPARO E CONSERVACAO DE IMOVEIS,DESCRIÇÃO: CONTRATACAO DE EMPRESA ESPECIALIZADA EM SERVICO DE OBRA E REFORMA - ID:58937 - Código do Item:0223.055.0002",1,N
CE 002/24,UENF - UNIV EST DO NORTE FLUMINENSE DARCY RIB,CONCORRÊNCIA ELETRÔNICA - 14.133/2021,Item: 1,70729,0215.005.0015,"PROJETOS ARQUITETONICOS,DESCRICAO: CONTRATACAO DE EMPRESA ESPECIALIZADA PARA ELABORACAO DE PROJETOS DE ARQUITETURA E COMPLEMENTARES - ID:70729 - Código do Item:0215.005.0015",1,N
CE 002/26,SEAS - SEC DE EST DO AMBIENT E SUSTENTABILIDADE,CONCORRÊNCIA ELETRÔNICA - 14.133/2021,Item: 1,157499,0223.061.0032,"SERVICOS DE ENGENHARIA,DESCRIÇÃO: CONTRATACAO DE EMPRESA ESPECIALIZADA PARA EXECUCAO DE OBRA DE INSTALACAO DE SISTEMA DE TRATAMENTO DE ESGOTO - ID:157499 - Código do Item:0223.061.0032",1,N
CE 002/26,FUNARJ - FUND ANITA MANTUANO DE ARTES DO EST DO RJ,CONCORRÊNCIA ELETRÔNICA - 14.133/2021,Item: 1,196882,0152.008.0066,"PROJETO DE ENGENHARIA,DESCRICAO: CONTRATACAO DE EMPRESA ESPECIALIZADA PARA ELABORACAO, COMPATIBILIZACAO E APROVACAO DE PROJETOS BASICO E/OU EXECUTIVO DE ARQUITETURA, TIPO SERVICO: ELABORACAO DE PROJETO PARA CONSTRUCAO DE TEATRO, ORIGEM: PESSOA JURIDICA - ID:196882 - Código do Item:0152.008.0066",1,N
CE 005/26,FUNARJ - FUND ANITA MANTUANO DE ARTES DO EST DO RJ,CONCORRÊNCIA ELETRÔNICA - 14.133/2021,Item: 1,91814,0557.008.0003,"SERVICOS DE PREVENCAO E COMBATE A INCENDIO,DESCRICAO: CONTRATACAO DE EMPRESA ESPECIALIZADA PARA EXECUCAO DE OBRAS CIVIS COM INSTALACAO DE SISTEMA DE SEGURANCA CONTRA INCENDIO E PANICO. - ID:91814 - Código do Item:0557.008.0003",1,N
CE 08/25,SEIOP - SECRETARIA DE ESTADO DE INFRAESTRUTURA E OBRAS PUBLICAS - SEIOP,CONCORRÊNCIA ELETRÔNICA - 14.133/2021,Item: 1,160996,0787.003.0008,"SERVICO DE CONSTRUCAO DE ESTRUTURAS,DESCRICAO: CONTRATACAO DE EMPRESA ESPECIALIZADA EM SERVICO DE CONTRUCAO CIVIL, ORIGEM: PESSOA JURIDICA - ID:160996 - Código do Item:0787.003.0008",1,N
CE 09//25,SEIOP - SECRETARIA DE ESTADO DE INFRAESTRUTURA E OBRAS PUBLICAS - SEIOP,CONCORRÊNCIA ELETRÔNICA - 14.133/2021,Item: 1 Lote: 1,160996,0787.003.0008,"SERVICO DE CONSTRUCAO DE ESTRUTURAS,DESCRICAO: CONTRATACAO DE EMPRESA ESPECIALIZADA EM SERVICO DE CONTRUCAO CIVIL, ORIGEM: PESSOA JURIDICA - ID:160996 - Código do Item:0787.003.0008",1,N
CE0003/26,SEAS - SEC DE EST DO AMBIENT E SUSTENTABILIDADE,CONCORRÊNCIA ELETRÔNICA - 14.133/2021,Item: 1,157499,0223.061.0032,"SERVICOS DE ENGENHARIA,DESCRIÇÃO: CONTRATACAO DE EMPRESA ESPECIALIZADA PARA EXECUCAO DE OBRA DE INSTALACAO DE SISTEMA DE TRATAMENTO DE ESGOTO - ID:157499 - Código do Item:0223.061.0032",1,N
CE001/25,UERJ - HOSPITAL UNIVERSITÁRIO - HOSPITAL UNIVERSITARIO PEDRO ERNESTO,CONCORRÊNCIA ELETRÔNICA - 14.133/2021,Item: 1 Lote: 1,162212,0647.001.0003,"REFORMA E MANUTENCAO DE UNIDADES DE SAUDE,DESCRICAO: CONTRATACAO DE EMPRESA ESPECIALIZADA NA PRESTACAO DE SERVICOS DE ENGENHARIA - ID:162212 - Código do Item:0647.001.0003",1,N
CN031//22,SEINFRA - SECRETARIA DE ESTADO DE INFRA E OBRAS,CONCORRÊNCIA,Item: 1 Lote: 1,157121,0787.002.0003,"SERVICO DE DESOBSTRUCAO E CONTENCAO,DESCRICAO: CONTRATACAO DE PRESTACAO DE SERVICOS DE CONTENCAO DE ENCOSTAS - ID:157121 - Código do Item:0787.002.0003",1,N
PD 001/24,FSCABRINI - FUNDAÇÃO SANTA CABRINI,PROCESSO ELETRÔNICO DE DISPENSA - LEI 14.133/21,Item: 1,51662,0107.004.0001,"SERVICOS DE INSTALACAO DE APARELHOS DE AR CONDICIONADO,DESCRIÇÃO: contratação de empresa especializada para prestação de serviços de instalação de aparelhos de ar condicionado, com fornecimento de materiais e acessórios - ID:51662 - Código do Item:0107.004.0001",18,N
PD 001/24,FSCABRINI - FUNDAÇÃO SANTA CABRINI,PROCESSO ELETRÔNICO DE DISPENSA - LEI 14.133/21,Item: 2,151252,4150.001.0012,"CORTINA AR,NUMERO FASES: MONOFASICO, POTENCIA: 145-260W, TENSAO: 220V, VAZAO MAXIMA: 2100M³/H, DIMENSAO (C X H X L): 1200 X 215 X 220MM, VELOCIDADE AR: 11M/S, RUIDO: MENOR 55, FORMA FORNECIMENTO: UNIDADE - ID:151252 - Código do Item:4150.001.0012",2,N
PD 001/24,FSCABRINI - FUNDAÇÃO SANTA CABRINI,PROCESSO ELETRÔNICO DE DISPENSA - LEI 14.133/21,Item: 3,175556,4120.001.0420,"CONDICIONADOR AR,TIPO: SPLIT, CAPACIDADE REFRIGERACAO: 9.000 BTU/S, CICLO: FRIO, TENSAO: 110/220, CONTROLE: ELETRONICO, DIMENSAO (L X H X P): N/D, FORMA FORNECIMENTO: UNIDADE - ID:175556 - Código do Item:4120.001.0420",3,N
PD 001/24,FSCABRINI - FUNDAÇÃO SANTA CABRINI,PROCESSO ELETRÔNICO DE DISPENSA - LEI 14.133/21,Item: 4,61693,4120.001.0089,"CONDICIONADOR AR,TIPO: SPLIT HI WALL, CAPACIDADE REFRIGERACAO: 12000 BTU/H, CICLO: FRIO, TENSAO: 220V, CONTROLE: REMOTO, DIMENSAO (L X H X P): N/D - ID:61693 - Código do Item:4120.001.0089",6,N
PD 001/24,FSCABRINI - FUNDAÇÃO SANTA CABRINI,PROCESSO ELETRÔNICO DE DISPENSA - LEI 14.133/21,Item: 5,65042,4120.001.0108,"CONDICIONADOR AR,TIPO: SPLIT, CAPACIDADE REFRIGERACAO: 18000 BTU/H, CICLO: FRIO, TENSAO: 220V/127V, CONTROLE: ELETRONICO, DIMENSAO (L X H X P): N/D - ID:65042 - Código do Item:4120.001.0108",3,N
PD 001/24,FSCABRINI - FUNDAÇÃO SANTA CABRINI,PROCESSO ELETRÔNICO DE DISPENSA - LEI 14.133/21,Item: 6,57545,4120.001.0061,"CONDICIONADOR AR,TIPO: SPLIT, CAPACIDADE REFRIGERACAO: 24000 BTU, CICLO: FRIO, TENSAO: 220V, CONTROLE: REMOTO, DIMENSAO (L X H X P): N/D - ID:57545 - Código do Item:4120.001.0061",2,N
PD 001/24,FSCABRINI - FUNDAÇÃO SANTA CABRINI,PROCESSO ELETRÔNICO DE DISPENSA - LEI 14.133/21,Item: 7,150902,4120.001.0342,"CONDICIONADOR AR,TIPO: SPLIT, CAPACIDADE REFRIGERACAO: 30000 BTU/S, CICLO: FRIO, TENSAO: 127/220 V, CONTROLE: ELETRONICO, DIMENSAO (L X H X P): N/D, FORMA FORNECIMENTO: UNIDADE - ID:150902 - Código do Item:4120.001.0342",1,N
PD 001/24,FSCABRINI - FUNDAÇÃO SANTA CABRINI,PROCESSO ELETRÔNICO DE DISPENSA - LEI 14.133/21,Item: 8,121233,4150.001.0007,"CORTINA AR,NUMERO FASES: MONOFASICO, POTENCIA: 250 W, TENSAO: 220V, VAZAO MAXIMA: 1650m³/H, DIMENSAO (C X H X L): 1000x221x183, VELOCIDADE AR: 11m/s, RUIDO: 50db - ID:121233 - Código do Item:4150.001.0007",1,N
PD 001/25,SEGOV - SECRETARIA DE ESTADO DE GOVERNO,PROCESSO ELETRÔNICO DE DISPENSA - LEI 14.133/21,Item: 1,90336,0451.045.0029,"FOLDER,DESCRIÇÃO: CONFECCAO DE FOLDER, Material: PAPEL COUCHE 150G, PERSONALIZACAO (MOTIVO): LAMINA COUCHE 150 BR, 210 x 300mm  4x4 CORES, OBSERVACAO: PROGRAMACAO NA MEDIDA DE 210 x 300 CTP, 2 DOBRAS - ID:90336 - Código do Item:0451.045.0029",75000,S
PD 001/25,SEGOV - SECRETARIA DE ESTADO DE GOVERNO,PROCESSO ELETRÔNICO DE DISPENSA - LEI 14.133/21,Item: 2,145997,0451.015.0005,"VENTAROLA,DESCRIÇÃO: CONTRATACAO DE EMPRESA ESPECIALIZADA NA PRESTACAO DE SERVICO  DE CONFECCAO DE VENTAROLA, Dimensões: FORMATO 18,0 X 25,0 CM, Material: LAMINA 4X4 CORES EM PAPEL 300G/M2, CORTE INICIAL. CORTE VINCO, FACA ESPECIAL - ID:145997 - Código do Item:0451.015.0005",40000,S
PD 001/26,AGENERSA - AG REGUL ENERGIA E SANEAMENTO DO EST RJ,PROCESSO ELETRÔNICO DE DISPENSA - LEI 14.133/21,Item: 1,88117,7195.018.0006,"CADEIRA (USO GERAL),MATERIAL ESTRUTURA: POLIPROPILENO, BRACO: SEM BRACO, ENCOSTO: FIXO, REVESTIMENTO ENCOSTO: POLIPROPILENO INJETAVEL, COR: PRETA, UTILIZACAO: AREA EXTERNA - ID:88117 - Código do Item:7195.018.0006",3,S
PD 001/26,AGENERSA - AG REGUL ENERGIA E SANEAMENTO DO EST RJ,PROCESSO ELETRÔNICO DE DISPENSA - LEI 14.133/21,Item: 2,90810,8010.014.0227,"TINTA IMOBILIARIA,TIPO: ACRILICA, COR: BRANCO NEVE, ACABAMENTO: FOSCO, BRILHO: FOSCO - ID:90810 - Código do Item:8010.014.0227",1,S
PD 001/26,AGENERSA - AG REGUL ENERGIA E SANEAMENTO DO EST RJ,PROCESSO ELETRÔNICO DE DISPENSA - LEI 14.133/21,Item: 3,155118,7105.003.0021,"BANQUETA,MATERIAL: POLIPROPILENO, COR: PRETO, DIMENSAO (P X L X H): 30 CM X 26 CM X 46 CM, ENCOSTO: SEM, ESTOFADO: SEM, MATERIAL ESTOFADO: N/A, MODELO: FIXO, FORMA FORNECIMENTO: UNIDADE - ID:155118 - Código do Item:7105.003.0021",4,S
PD 001/26,AGENERSA - AG REGUL ENERGIA E SANEAMENTO DO EST RJ,PROCESSO ELETRÔNICO DE DISPENSA - LEI 14.133/21,Item: 4,158176,5935.013.0124,"TOMADA ELETRICA, PREDIAL,INSTALACAO: SOBREPOR DUPLA, MATERIAL CORPO: PLASTICO, ACABAMENTO TOMADA: BRANCO, FORMATO CORPO: RETANGULAR, POLO: 2 PINOS UNIVERSAL + TERRA, CORRENTE: 10 A, TENSAO: 127 V, FIXACAO PLACA: PARAFUSO, DIMENSAO PLACA: 4``x 2``, DIAMETRO POLO: 4 mm, PADRAO: NBR 14136, FORMA FORNECIMENTO: UNIDADE - ID:158176 - Código do Item:5935.013.0124",6,S
PD 001/26,AGENERSA - AG REGUL ENERGIA E SANEAMENTO DO EST RJ,PROCESSO ELETRÔNICO DE DISPENSA - LEI 14.133/21,Item: 5,167742,8010.014.0381,"TINTA IMOBILIARIA,TIPO: ESMALTE SINTETICO ANTI-FERRUGEM (ANTIOXIDANTE), COR: PRETO, ACABAMENTO: ACETINADO, BRILHO: N/A, FORMA FORNECIMENTO:  LITRO - ID:167742 - Código do Item:8010.014.0381",1,S
PD 001/26,AGENERSA - AG REGUL ENERGIA E SANEAMENTO DO EST RJ,PROCESSO ELETRÔNICO DE DISPENSA - LEI 14.133/21,Item: 6,171742,5935.013.0137,"TOMADA ELETRICA, PREDIAL,INSTALACAO: SOBREPOR, MATERIAL CORPO: TERMOPLASTICO, ACABAMENTO TOMADA: BRANCO, FORMATO CORPO: QUADRADO, POLO: 3 PINOS REDONDOS, CORRENTE: 20 A, TENSAO: 250 V, FIXACAO PLACA: PARAFUSO, DIMENSAO PLACA: 4 X 2``, DIAMETRO POLO: 4 MM, PADRAO: NBR 14136, FORMA FORNECIMENTO: UNIDADE - ID:171742 - Código do Item:5935.013.0137",2,S
PD 001/26,AGENERSA - AG REGUL ENERGIA E SANEAMENTO DO EST RJ,PROCESSO ELETRÔNICO DE DISPENSA - LEI 14.133/21,Item: 7,183709,7105.048.0003,"NICHO,MATERIAL: MADEIRA MACICA, ACABAMENTO: MOGNO VERNIZ, ESPESSURA: 3 MM, DIMENSAO: 830 X 1830 X 300 MM ( A X L X P), FORMA FORNECIMENTO: UNIDADE - ID:183709 - Código do Item:7105.048.0003",2,S
PD 001/26,AGENERSA - AG REGUL ENERGIA E SANEAMENTO DO EST RJ,PROCESSO ELETRÔNICO DE DISPENSA - LEI 14.133/21,Item: 8,197043,7105.035.0036,"PUFF,MATERIAL REVESTIMENTO: COURO SINTETICO, MATERIAL ESTRUTURA: MADEIRA REFORCADA, MODELO: ASSENTO REDONDO, DIMENSAO: 40 CM X 40 CM (D X A), FORMA FORNECIMENTO: UNIDADE - ID:197043 - Código do Item:7105.035.0036",2,S
PD 001/26,AGENERSA - AG REGUL ENERGIA E SANEAMENTO DO EST RJ,PROCESSO ELETRÔNICO DE DISPENSA - LEI 14.133/21,Item: 9,197044,7105.035.0037,"PUFF,MATERIAL REVESTIMENTO: COURO SINTETICO, MATERIAL ESTRUTURA: MADEIRA REFORCADA, MODELO: REDONDO, DIMENSAO: 80 CM X 43 CM (D X A), FORMA FORNECIMENTO: UNIDADE - ID:197044 - Código do Item:7105.035.0037",2,S
PD 001/26,AGENERSA - AG REGUL ENERGIA E SANEAMENTO DO EST RJ,PROCESSO ELETRÔNICO DE DISPENSA - LEI 14.133/21,Item: 10,197045,7105.035.0038,"PUFF,MATERIAL REVESTIMENTO: COURO SINTETICO, MATERIAL ESTRUTURA: MADEIRA REFORCADA, MODELO: ASSENTO REDONDO, DIMENSAO: 40 CM X 43 CM (D X A), FORMA FORNECIMENTO: UNIDADE - ID:197045 - Código do Item:7105.035.0038",6,S
PD 001/26,AGENERSA - AG REGUL ENERGIA E SANEAMENTO DO EST RJ,PROCESSO ELETRÔNICO DE DISPENSA - LEI 14.133/21,Item: 11,197069,7105.035.0039,"PUFF,MATERIAL REVESTIMENTO: COURO SINTETICO, MATERIAL ESTRUTURA: PEROLAS DE ISOPOR (EPS), MODELO: REDONDO, DIMENSAO: 80 CM X 45 CM (D X A), FORMA FORNECIMENTO: UNIDADE - ID:197069 - Código do Item:7105.035.0039",3,S
PD 001/26,AGENERSA - AG REGUL ENERGIA E SANEAMENTO DO EST RJ,PROCESSO ELETRÔNICO DE DISPENSA - LEI 14.133/21,Item: 12,197070,7220.006.0053,"TAPETE,MATERIAL: POLIPROPILENO, DIMENSAO (L X C): 1,5M X 2,0M, COR: BEGE, ESPESSURA: 11MM, COR BORDA: N/D, FORMA FORNECIMENTO: UNIDADE - ID:197070 - Código do Item:7220.006.0053",1,S
PD 001/26,AGENERSA - AG REGUL ENERGIA E SANEAMENTO DO EST RJ,PROCESSO ELETRÔNICO DE DISPENSA - LEI 14.133/21,Item: 13,197071,7220.006.0054,"TAPETE,MATERIAL: SISAL ANTIDERRAPANTE, DIMENSAO (L X C): 2,0 DIAMETRO, COR: CINZA E PRETO, ESPESSURA: 10 MM, COR BORDA: N/D, FORMA FORNECIMENTO: UNIDADE - ID:197071 - Código do Item:7220.006.0054",1,S
PD 001/26,AGENERSA - AG REGUL ENERGIA E SANEAMENTO DO EST RJ,PROCESSO ELETRÔNICO DE DISPENSA - LEI 14.133/21,Item: 14,197072,7220.006.0055,"TAPETE,MATERIAL: POLIESTER LAVAVEL, DIMENSAO (L X C): 1,5M DIAMETRO, COR: AZUL MARINHO MESCLADO, ESPESSURA: 11 MM, COR BORDA: N/D, FORMA FORNECIMENTO: UNIDADE - ID:197072 - Código do Item:7220.006.0055",1,S
PD 001/26,AGENERSA - AG REGUL ENERGIA E SANEAMENTO DO EST RJ,PROCESSO ELETRÔNICO DE DISPENSA - LEI 14.133/21,Item: 15,197115,9905.013.0010,"EXPOSITOR,APLICACAO: EXPOSICAO DE EQUIPAMENTOS, MATERIAL: MADEIRA IMBUIA, COMPOSICAO: EXPOSITOR CAIXA, FORMA FORNECIMENTO: UNIDADE - ID:197115 - Código do Item:9905.013.0010",4,S
PD 001/26,AGENERSA - AG REGUL ENERGIA E SANEAMENTO DO EST RJ,PROCESSO ELETRÔNICO DE DISPENSA - LEI 14.133/21,Item: 16,197119,7195.029.0104,"MESA AUXILIAR (USO GERAL),UTILIZACAO: ATIVIDADES RECREATIVAS, MATERIAL TAMPO: MDF ESPESSURA 0,72 CM COM REVESTIMENTO EM TECIDO DE POLIÉSTER COR VERDE, MATERIAL ESTRUTURA: MDF, DIMENSOES: REDONDA C 1,25M X L 0,78 M, PRATELEIRA: SEM, ACESSORIO/ADICIONAL: SEM, FORMA FORNECIMENTO: UNIDADE - ID:197119 - Código do Item:7195.029.0104",1,S
PD 001/26,AGENERSA - AG REGUL ENERGIA E SANEAMENTO DO EST RJ,PROCESSO ELETRÔNICO DE DISPENSA - LEI 14.133/21,Item: 17,197120,7290.023.0023,"VASO PLANTA,MATERIAL: POLIETILENO, FORMATO: RETANGULAR, ACABAMENTO: LISO, MODELO: N/A, DIMENSAO (H X L X C): 0,30 X 0,30 X 0,80, FORMA FORNECIMENTO: UNIDADE - ID:197120 - Código do Item:7290.023.0023",2,S
PD 001/26,AGENERSA - AG REGUL ENERGIA E SANEAMENTO DO EST RJ,PROCESSO ELETRÔNICO DE DISPENSA - LEI 14.133/21,Item: 18,197121,8730.021.0011,"ARRANJO DE FLORES NATURAIS,TIPO FLORES: BAMBU HASTE, ACOMPANHA: N/A, FORMA FORNECIMENTO: UNIDADE - ID:197121 - Código do Item:8730.021.0011",15,S
PD 001/26,AGENERSA - AG REGUL ENERGIA E SANEAMENTO DO EST RJ,PROCESSO ELETRÔNICO DE DISPENSA - LEI 14.133/21,Item: 19,197123,5680.013.0006,"PROTETOR PAREDE/PERFIL BATE MACA,MATERIAL: PAINEL RIPADO LAMINADO EVA AUTOCOLANTE, COR: MADEIRA NOGUEIRA, ALTURA: 10 CM, PROTECAO: N/A, FORMA FORNECIMENTO: ROLO 2,5M - ID:197123 - Código do Item:5680.013.0006",90,S
PD 001/26,AGENERSA - AG REGUL ENERGIA E SANEAMENTO DO EST RJ,PROCESSO ELETRÔNICO DE DISPENSA - LEI 14.133/21,Item: 20,197234,7105.035.0040,"PUFF,MATERIAL REVESTIMENTO: TECIDO EXTERNO POLIAMIDA COM ELASTANO, CAPA REMOVIVEL, MATERIAL ESTRUTURA: TECIDO INTERNO 10% POLIESTER, ENCHIMENTO COM PEROLAS DE EPS, MODELO: ALMOFADAO, DIMENSAO: 130 CM (C) X 78CM (L) X 45CM (A), FORMA FORNECIMENTO: UNIDADE - ID:197234 - Código do Item:7105.035.0040",1,S
PD 001/26,AGENERSA - AG REGUL ENERGIA E SANEAMENTO DO EST RJ,PROCESSO ELETRÔNICO DE DISPENSA - LEI 14.133/21,Item: 21,197236,7125.005.0220,"ESTANTE, USO GERAL,MATERIAL: MADEIRA MDP, MODELO: SEM PORTAS, SEM RODIZIO, SEM VIDRO, SEM ILUMINACAO, ACABAMENTO PINTURA UV, DIMENSOES (L X A X P): 60CM X 180CM X 30 CM (L X A X P), ESPESSURA 15 MM, QUANTIDADE DIVISOES: 4 PRATELEIRAS, FORMA FORNECIMENTO: UNIDADE - ID:197236 - Código do Item:7125.005.0220",6,S
PD 001/26,AGENERSA - AG REGUL ENERGIA E SANEAMENTO DO EST RJ,PROCESSO ELETRÔNICO DE DISPENSA - LEI 14.133/21,Item: 22,197237,7195.029.0105,"MESA AUXILIAR (USO GERAL),UTILIZACAO: CENTRO ORGANICA, MATERIAL TAMPO: MADEIRA MDF BP COR PRETA, MATERIAL ESTRUTURA: MADEIRA, DIMENSOES: 28 A X 90 L X 52P, PRATELEIRA: SEM, ACESSORIO/ADICIONAL: PES MADEIRA MACICA NO MODELO PALITO COM PINTURA VERNIZ NATURAL, FORMA FORNECIMENTO: UNIDADE - ID:197237 - Código do Item:7195.029.0105",1,S
PD 001/26,AGENERSA - AG REGUL ENERGIA E SANEAMENTO DO EST RJ,PROCESSO ELETRÔNICO DE DISPENSA - LEI 14.133/21,Item: 23,197238,7510.043.0006,"MOLDURA PARA QUADRO,TIPO: REDONDA COM FUNDO DE MDF CRU REMOVÍVEL, MATERIAL: MDF CRU, TRATAMENTO: SEM, COR: SEM, DIMENSAO (L X C): DIÂMETRO 50 CM, ACESSORIO: PENDURADOR, FORMA FORNECIMENTO: UNIDADE - ID:197238 - Código do Item:7510.043.0006",2,S
PD 001/26,AGENERSA - AG REGUL ENERGIA E SANEAMENTO DO EST RJ,PROCESSO ELETRÔNICO DE DISPENSA - LEI 14.133/21,Item: 24,197239,7110.004.0915,"CADEIRA ,TIPO: AREA EXTERNA, BASE: FIXA, AJUSTE ALTURA ASSENTO: SEM, RECLINACAO: FIXA, MATERIAL ESTRUTURA: ALUMINIO, BRACO: SEM, ENCOSTO: FIXO, REVESTIMENTO ASSENTO-ENCOSTO: FIBRA SINTETICA, COR: PRETO, PORTA LIVRO: SEM, PRANCHETA: SEM, FORMA FORNECIMENTO: UNIDADE - ID:197239 - Código do Item:7110.004.0915",2,S
PD 001/26,AGENERSA - AG REGUL ENERGIA E SANEAMENTO DO EST RJ,PROCESSO ELETRÔNICO DE DISPENSA - LEI 14.133/21,Item: 25,197240,7115.002.0190,"MESA REUNIAO (ESCRITORIO),FORMATO: RETANGULAR, DIMENSAO TAMPO (H X L X C): 750MM X 1000MM X 2000MM, ESPESSURA 25 MM, DIMENSAO TAMPO (H X D): N/A, MATERIAL ESTRUTURA: MADEIRA COM TAMPO EM MDP, FORMA FORNECIMENTO: UNIDADE, ADICIONAL: PE DA MESA PAINEL DE MDP 25 MM COM ACABAMENTO DE BORDA; SAPATAS COM REGULAGEM DE ALTURA - ID:197240 - Código do Item:7115.002.0190",1,S
PD 001/26,AGENERSA - AG REGUL ENERGIA E SANEAMENTO DO EST RJ,PROCESSO ELETRÔNICO DE DISPENSA - LEI 14.133/21,Item: 26,197241,7195.002.0099,"BANCO (USO GERAL),MATERIAL: MADEIRA MACICA, ENCOSTO: SEM, APOIO: SEM, ALTURA: 46,5 CM, PROFUNDIDADE: 36 CM, LARGURA: 190 CM, ESTRUTURA: METAL COM PÉ DE FERRO, FORMA FORNECIMENTO: UNIDADE - ID:197241 - Código do Item:7195.002.0099",1,S
PD 001/26,AGENERSA - AG REGUL ENERGIA E SANEAMENTO DO EST RJ,PROCESSO ELETRÔNICO DE DISPENSA - LEI 14.133/21,Item: 27,197242,7290.027.0022,"PLANTA ORNAMENTAL ARTIFICIAL,NOME CIENTIFICO: HEDERA HELIX, MATERIAL FOLHAS: SEDA ARAME E PLASTICO, ACABAMENTO FOLHAS: N/A, MATERIAL TRONCO: N/A, ALTURA: 2,10 M, FORMA FORNECIMENTO: UNIDADE - ID:197242 - Código do Item:7290.027.0022",15,S
PD 001/26,AGENERSA - AG REGUL ENERGIA E SANEAMENTO DO EST RJ,PROCESSO ELETRÔNICO DE DISPENSA - LEI 14.133/21,Item: 28,197243,7195.029.0106,"MESA AUXILIAR (USO GERAL),UTILIZACAO: CANTO, MATERIAL TAMPO: MDF ESPESSURA 15 MM PRETO REDONDO, MATERIAL ESTRUTURA: MADEIRA, DIMENSOES: 62 CM X 45 CM X 45 CM (A X L X P), PRATELEIRA: SEM PRATELEIRA, ACESSORIO/ADICIONAL: PES MADEIRA MACICA MODELO PALITO COM PINTURA VERNIZ NATURAL, FORMA FORNECIMENTO: UNIDADE - ID:197243 - Código do Item:7195.029.0106",1,S
PD 001/26,AGENERSA - AG REGUL ENERGIA E SANEAMENTO DO EST RJ,PROCESSO ELETRÔNICO DE DISPENSA - LEI 14.133/21,Item: 29,197244,7510.043.0007,"MOLDURA PARA QUADRO,TIPO: REDONDA COM FUNDO DE MDF CRU REMOVIVEL, MATERIAL: MDF CRU, TRATAMENTO: SEM, COR: SEM, DIMENSAO (L X C): DIAMETRO 70 CM, ACESSORIO: PENDURADOR, FORMA FORNECIMENTO: UNIDADE - ID:197244 - Código do Item:7510.043.0007",1,S
PD 001/26,AGENERSA - AG REGUL ENERGIA E SANEAMENTO DO EST RJ,PROCESSO ELETRÔNICO DE DISPENSA - LEI 14.133/21,Item: 30,197247,6210.004.0229,"LUMINARIA,MATERIAL: CORPO EM ABS PRETO, FORMATO: RETANGULAR, TIPO LAMPADA: LED TEMPERATURA 3000K, QUANTIDADE LAMPADA: 1, POTENCIA LAMPADA: 30 W, BASE: PENDENTE LINEAR, DIMENSAO (H X L X C) / (D X H): 55 MM X 35 MM X 1180 MM, COR: PRETO, COMPLEMENTO: TENSAO 127V, 120 CM DE CABO PARA FIXACAO, MATERIAL DIFUSOR (TAMPA): N/A, ACABAMENTO: N/A, REFLETOR PARABOLICO: N/A, INSTALACAO: TETO, FORMA FORNECIMENTO: UNIDADE - ID:197247 - Código do Item:6210.004.0229",1,S
PD 001/26,AGENERSA - AG REGUL ENERGIA E SANEAMENTO DO EST RJ,PROCESSO ELETRÔNICO DE DISPENSA - LEI 14.133/21,Item: 31,197249,6210.004.0230,"LUMINARIA,MATERIAL: PERFIL DE LED EMBUTIR DE ALUMINIO, FORMATO: SLIM, TIPO LAMPADA: LED TIPO 2835, COR QUENTE ATE 3000K, QUANTIDADE LAMPADA: 240/M, POTENCIA LAMPADA: 20W; 127V, BASE: FITA DE LED, DIMENSAO (H X L X C) / (D X H): 2M X 50 MM, COR: PERFIL PRETO, COMPLEMENTO: NAO DIMERIZAVEL, GRAU DE PROTECAO IP44, MATERIAL DIFUSOR (TAMPA): N/A, ACABAMENTO: N/A, REFLETOR PARABOLICO: N/A, INSTALACAO: OPTAR PELA FITA LED QUE VEM COM FONTE, FORMA FORNECIMENTO: UNIDADE - ID:197249 - Código do Item:6210.004.0230",6,S
PD 001/26,AGENERSA - AG REGUL ENERGIA E SANEAMENTO DO EST RJ,PROCESSO ELETRÔNICO DE DISPENSA - LEI 14.133/21,Item: 32,197250,6210.002.0050,"LUMINARIA EMBUTIR FLUORESCENTE (TETO),MATERIAL: PLASTICO ABS, FORMATO: SPOT QUADRADO, TIPO: DE EMBUTIR, 127V / BIVOLT, COMPATIVEL COM MINI DICROICA MR11 LED, QUANTIDADE LAMPADA: 1, POTENCIA LAMPADA: LED TEMPERATURA 3000K, ACABAMENTO: N/A, DIMENSAO (H X L X C): 70 X 70 X 35 MM, COR: BRANCA, MATERIAL REFLETOR PARABOLICO: N/A, REATOR: N/A, VIDRO: N/A, FORMA FORNECIMENTO: UNIDADE - ID:197250 - Código do Item:6210.002.0050",25,S
PD 001/26,AGENERSA - AG REGUL ENERGIA E SANEAMENTO DO EST RJ,PROCESSO ELETRÔNICO DE DISPENSA - LEI 14.133/21,Item: 33,197251,7510.043.0008,"MOLDURA PARA QUADRO,TIPO: REDONDA COM FUNDO DE MDF CRU REMOVIVEL, MATERIAL: MDF CRU, TRATAMENTO: SEM, COR: SEM, DIMENSAO (L X C): DIAMETRO 40 CM, ACESSORIO: PENDURADOR, FORMA FORNECIMENTO: UNIDADE - ID:197251 - Código do Item:7510.043.0008",1,S
PD 001/26,AGENERSA - AG REGUL ENERGIA E SANEAMENTO DO EST RJ,PROCESSO ELETRÔNICO DE DISPENSA - LEI 14.133/21,Item: 34,197255,7197.017.0014,"ACABAMENTO MOVEIS,TIPO ACABAMENTO: PAINEL RIPADO REVESTIMENTO MELAMINICO, MATERIAL: MDF, ACABAMENTO: LISO, COR: IMBUIA, MARCA: SEM, MODELO: SEM, FORMA FORNECIMENTO: UNIDADE - ID:197255 - Código do Item:7197.017.0014",130,S
PD 001/26,AGENERSA - AG REGUL ENERGIA E SANEAMENTO DO EST RJ,PROCESSO ELETRÔNICO DE DISPENSA - LEI 14.133/21,Item: 35,197257,5335.001.0062,"TELA METALICA,TIPO: TRELICA ARAMADA, MATERIAL: FERRO, REVESTIMENTO FIO: N/A, TRATAMENTO SUPERFICIAL: N/A, FORMATO MALHA: TELA COM ESPACAMENTO ARAMADO DE 5CM, FIO: N/A, MALHA (L X H): 60 CM X 100 CM, DIMENSAO (L X C): 60 CM X 100 CM, FORMA FORNECIMENTO: UNIDADE - ID:197257 - Código do Item:5335.001.0062",6,S
PD 001/26,AGENERSA - AG REGUL ENERGIA E SANEAMENTO DO EST RJ,PROCESSO ELETRÔNICO DE DISPENSA - LEI 14.133/21,Item: 36,197259,7510.043.0009,"MOLDURA PARA QUADRO,TIPO: REDONDA COM FUNDO DE MDF CRU REMOVIVEL, MATERIAL: MDF CRU, TRATAMENTO: SEM, COR: SEM, DIMENSAO (L X C): DIAMETRO 30 CM, ACESSORIO: PENDURADOR, FORMA FORNECIMENTO: UNIDADE - ID:197259 - Código do Item:7510.043.0009",1,S
PD 001/26,AGENERSA - AG REGUL ENERGIA E SANEAMENTO DO EST RJ,PROCESSO ELETRÔNICO DE DISPENSA - LEI 14.133/21,Item: 37,197268,7110.012.0230,"POLTRONA,TIPO: CONJUNTO DUAS POLTRONAS COM APOIO PARA OS PES, MATERIAL ESTRUTURA: ENCHIMENTO PEROLAS DE EPS 2,5MM, REGULAGEM: SEM, REVESTIMENTO ASSENTO-ENCOSTO: NOBUCK, CARACTERISTICAS ADICIONAIS: MALEAVEL, SEM MADEIRA, COR PRETA, FORMA FORNECIMENTO: UNIDADE - ID:197268 - Código do Item:7110.012.0230",1,S
PD 001/26,AGENERSA - AG REGUL ENERGIA E SANEAMENTO DO EST RJ,PROCESSO ELETRÔNICO DE DISPENSA - LEI 14.133/21,Item: 38,197273,6210.012.0006,"BALIZADOR (LUMINARIA),MATERIAL BASE: PAINEL DE ALUMINIO LED RETANGULAR TEMPERATURA 3000K, ACABAMENTO: EMBUTIR, TENSAO: 127V, FORMA FORNECIMENTO: UNIDADE - ID:197273 - Código do Item:6210.012.0006",4,S
PD 001/26,AGENERSA - AG REGUL ENERGIA E SANEAMENTO DO EST RJ,PROCESSO ELETRÔNICO DE DISPENSA - LEI 14.133/21,Item: 39,197287,8010.014.0417,"TINTA IMOBILIARIA,TIPO: ACRILICA, COR: NAVIOS AO MAR (AZUL), ACABAMENTO: EXTRA FOSCO, BRILHO: SEM, FORMA FORNECIMENTO: GALAO 3,2 LITROS - ID:197287 - Código do Item:8010.014.0417",2,S
PD 001/26,AGENERSA - AG REGUL ENERGIA E SANEAMENTO DO EST RJ,PROCESSO ELETRÔNICO DE DISPENSA - LEI 14.133/21,Item: 40,197289,8010.014.0418,"TINTA IMOBILIARIA,TIPO: ACRILICA, COR: NIQUEL (CINZA), ACABAMENTO: FOSCO, BRILHO: SEM, FORMA FORNECIMENTO: EMBALAGEM 16 LITROS - ID:197289 - Código do Item:8010.014.0418",1,S
PD 002/24,SEDCON - SECRETARIA DE ESTADO DE DEFESA DO CONSUMIDOR,PROCESSO ELETRÔNICO DE DISPENSA - LEI 14.133/21,Item: 1,136273,0672.002.0156,"SERVICOS DE FORNECIMENTO DE REFEICOES PREPARADAS, LANCHES E SIMILARES,DESCRIÇÃO: CONTRATACAO DE EMPRESA ESPECIALIZADA NA PRESTACAO DE SERVICOS DE PREPARO E DISTRIBUICAO DE REFEICOES PREPARADAS, LANCHES E SIMILARES - ID:136273 - Código do Item:0672.002.0156",1,S
PD 002/26,FIA - FUNDAÇÃO PARA A INFÂNCIA E ADOLESCÊNCIA,PROCESSO ELETRÔNICO DE DISPENSA - LEI 14.133/21,Item: 1,129260,6510.003.0023,"ALGODAO,TIPO: HIDROFILO, TRATAMENTO: QUIMICAMENTE PURO, APRESENTACAO: ROLO, FORNECIMENTO: PACOTE 500G - ID:129260 - Código do Item:6510.003.0023",24,S
PD 002/26,FIA - FUNDAÇÃO PARA A INFÂNCIA E ADOLESCÊNCIA,PROCESSO ELETRÔNICO DE DISPENSA - LEI 14.133/21,Item: 2,6837,6510.024.0003,"ESPARADRAPO,MATERIAL: MICROPORE, LARGURA: 10 CM, COMPRIMENTO: 4,5 M, COR: BRANCO, TRATAMENTO: ANTI-ALERGICO - ID:6837 - Código do Item:6510.024.0003",72,S
PD 002/26,FIA - FUNDAÇÃO PARA A INFÂNCIA E ADOLESCÊNCIA,PROCESSO ELETRÔNICO DE DISPENSA - LEI 14.133/21,Item: 3,60906,6510.024.0016,"ESPARADRAPO,MATERIAL: ALGODÃO, LARGURA: 10 CM, COMPRIMENTO: 4,5 M, COR: BRANCO, TRATAMENTO: IMPERMEÁVEL - ID:60906 - Código do Item:6510.024.0016",36,S
PD 002/26,FIA - FUNDAÇÃO PARA A INFÂNCIA E ADOLESCÊNCIA,PROCESSO ELETRÔNICO DE DISPENSA - LEI 14.133/21,Item: 4,66413,6510.025.0007,"GAZE (CURATIVO E COBERTURA) ,TRATAMENTO: NAO ESTERIL, MATERIAL: 100% ALGODAO, LARGURA: 7,5 cm, COMPRIMENTO: 7,5 cm, FORNECIMENTO: PACOTE  COM 500 UNIDADES, ACABAMENTO: HIDROFILA - ID:66413 - Código do Item:6510.025.0007",24,S
PD 002/26,FIA - FUNDAÇÃO PARA A INFÂNCIA E ADOLESCÊNCIA,PROCESSO ELETRÔNICO DE DISPENSA - LEI 14.133/21,Item: 5,143767,6510.025.0016,"GAZE (CURATIVO E COBERTURA) ,TRATAMENTO: ESTERILIZADA, MATERIAL: ALGODAO, LARGURA: 7,5 CM, COMPRIMENTO: 7,5 CM, FORNECIMENTO: PACOTE 10 UNIDADES, ACABAMENTO: 11 FIOS  - HIDROFILA - ID:143767 - Código do Item:6510.025.0016",1500,S
PD 002/26,FIA - FUNDAÇÃO PARA A INFÂNCIA E ADOLESCÊNCIA,PROCESSO ELETRÔNICO DE DISPENSA - LEI 14.133/21,Item: 6,116714,6532.005.0041,"LUVA CIRURGICA,TIPO: DESCARTAVEL, MATERIAL: BORRACHA NATURAL (LATEX), TIPO ESTERILIZACAO: N/D, ACABAMENTO: TEXTURA HOMOGENEA, TAMANHO: 7.0, ESPESSURA: N/A, COR: NATURAL, TRANSPARENCIA: TRANSLUCIDO, LUBRIFICACAO: COM PO BIOABSORVIVEL, DESENHO: MAO DIREITA E ESQUERDA, EMBALAGEM: PAR EM EMBALAGEM DUPLA, EXTERNA EM PAPEL GRAU CIRURGICO, PERMITA ABERTURA ASSEPTICA - ID:116714 - Código do Item:6532.005.0041",1860,S
PD 002/26,FIA - FUNDAÇÃO PARA A INFÂNCIA E ADOLESCÊNCIA,PROCESSO ELETRÔNICO DE DISPENSA - LEI 14.133/21,Item: 7,97240,6532.008.0015,"MASCARA CIRURGICA DESCARTAVEL,MATERIAL MASCARA: TECIDO NAO TECIDO, QUANTIDADE CAMADA: 3, CLIP NASAL: FIXADO AO CORPO DA MASCARA, FORMATO: SIMPLES (RETANGULAR), MATERIAL VISOR: SEM VISOR, GRAMATURA: 70 G/M², FILTRO: N/D, FIXACAO: ELASTICO, COR: BRANCO, PRECISAO FILTRAGEM: 95%, 1~2 µ - ID:97240 - Código do Item:6532.008.0015",1200,S
PD 002/26,FIA - FUNDAÇÃO PARA A INFÂNCIA E ADOLESCÊNCIA,PROCESSO ELETRÔNICO DE DISPENSA - LEI 14.133/21,Item: 8,21975,6515.237.0001,"SONDA URETRAL,MATERIAL: POLIVINIL, CALIBRE: 10 - ID:21975 - Código do Item:6515.237.0001",1860,S
PD 002/26,FIA - FUNDAÇÃO PARA A INFÂNCIA E ADOLESCÊNCIA,PROCESSO ELETRÔNICO DE DISPENSA - LEI 14.133/21,Item: 9,74552,6510.038.0016,"ATADURA,TIPO: CREPOM TIPO I, MATERIAL: 100% ALGODAO CRU, 13 FIOS/CM2, TAMANHO: 15 CM X 1,80M, EMBALAGEM: INDIVIDUAL, ACABAMENTO: UNIFORME, BORDAS ACABADAS, ISENTA DE RASGOS, IMPUREZAS E FIAPOS, NORMA: NBR 14056 - ID:74552 - Código do Item:6510.038.0016",120,S
PD 002/26,AGENERSA - AG REGUL ENERGIA E SANEAMENTO DO EST RJ,PROCESSO ELETRÔNICO DE DISPENSA - LEI 14.133/21,Item: 1,199312,5805.001.0043,"APARELHO CELULAR,SISTEMA: ANDROID 14, SERVICO: 4G, MODELO: INTRINSECAMENTE SEGURO COM CLASSIFICACAO EX PARA ZONA 2/22, COR: N/A, MARCA: N/A, ACESSORIO: RECARREGADOR BATERIA CABO, FUNCOES: PROCESSADOR OCTACORE, MEMORIA RAM 6GB, MEMORIA INTERNA 128GB, CAMERA TRASEIRA 48 MP COM AUTOFOCO, CAMERA FRONTAL 5MP COM FOCO FIXO, GRAU DE PROTECAO IP68, FORMA FORNECIMENTO: UNIDADE - ID:199312 - Código do Item:5805.001.0043",2,S
PD 002/26 R1,RIOPREVIDÊNCIA - FUNDO UNICO DE PREVIDENCIA SOCIAL DO ESTADO DO RIO DE JANEIRO,PROCESSO ELETRÔNICO DE DISPENSA - LEI 14.133/21,Item: 1 Lote: 1,58456,0101.013.0001,"SERVICOS DE INSTALACAO DE SISTEMA INTERNO DE SOM,DESCRICAO: CONTRATACAO DE EMPRESA ESPECIALIZADA NA INSTALACAO DE SISTEMA DE SOM COM FORNECIMENTO DE MATERIAL - ID:58456 - Código do Item:0101.013.0001",1,S
PD 002/26 R1,RIOPREVIDÊNCIA - FUNDO UNICO DE PREVIDENCIA SOCIAL DO ESTADO DO RIO DE JANEIRO,PROCESSO ELETRÔNICO DE DISPENSA - LEI 14.133/21,Item: 2 Lote: 1,144974,6145.028.0005,"CABO MICROFONE,COR: PRETO, EXTREMIDADE A: XLR, TIPO CONECTOR EXTREMIDADE A: ESTEREO, EXTREMIDADE B: XLR, TIPO CONECTOR EXTREMIDADE B: ESTEREO, COMPRIMENTO: 1 M, MATERIAL CONDUTOR: COBRE, FORMA FORNECIMENTO: UNIDADE - ID:144974 - Código do Item:6145.028.0005",32,S
PD 002/26 R1,RIOPREVIDÊNCIA - FUNDO UNICO DE PREVIDENCIA SOCIAL DO ESTADO DO RIO DE JANEIRO,PROCESSO ELETRÔNICO DE DISPENSA - LEI 14.133/21,Item: 3 Lote: 1,145002,5835.009.0021,"MESA DE SOM,QUANTIDADE CANAL ENTRADA: 16 CANAIS, TENSAO: 127 / 230 V, ACESSORIO: FONE DE OUVIDO, DIMENSAO (L X H X P): 444 X 130 X 500 MM, MODELO: ANALOGICA, POTENCIA: CONSUMO 40 W, DISPLAY: LED COLORIDO, PORTA GRAVACAO: USB, CONTROLE FREQUENCIA: 80Hz, FUNCOES: MONO E ESTEREO, CONEXAO ENTRADA AUDIO: MIC E LINE, INTERFACE DADOS: USB, FORMA FORNECIMENTO: UNIDADE - ID:145002 - Código do Item:5835.009.0021",1,S
PD 002/26 R1,RIOPREVIDÊNCIA - FUNDO UNICO DE PREVIDENCIA SOCIAL DO ESTADO DO RIO DE JANEIRO,PROCESSO ELETRÔNICO DE DISPENSA - LEI 14.133/21,Item: 4 Lote: 1,150544,5935.020.0011,"CONECTOR XLR,TIPO: CONECTOR, MODELO: FEMEA, CORPO: RETO LISO, MATERIAL CORPO: PLASTICO, COM TRAVA, MATERIAL TERMINAL: METAL, NUMERO TERMINAIS: 3, FORMA FORNECIMENTO: UNIDADE - ID:150544 - Código do Item:5935.020.0011",4,S
PD 002/26 R1,RIOPREVIDÊNCIA - FUNDO UNICO DE PREVIDENCIA SOCIAL DO ESTADO DO RIO DE JANEIRO,PROCESSO ELETRÔNICO DE DISPENSA - LEI 14.133/21,Item: 5 Lote: 1,150545,5935.020.0012,"CONECTOR XLR,TIPO: CONECTOR, MODELO: MACHO, CORPO: RETO LISO, MATERIAL CORPO: PLASTICO, COM TRAVA, MATERIAL TERMINAL: METAL, NUMERO TERMINAIS: 3, FORMA FORNECIMENTO: UNIDADE - ID:150545 - Código do Item:5935.020.0012",4,S
PD 002/26 R1,RIOPREVIDÊNCIA - FUNDO UNICO DE PREVIDENCIA SOCIAL DO ESTADO DO RIO DE JANEIRO,PROCESSO ELETRÔNICO DE DISPENSA - LEI 14.133/21,Item: 6 Lote: 1,177321,5999.003.0076,"SUPORTE EQUIPAMENTO ELETRICO-ELETRONICO,MATERIAL: ACO, TIPO EQUIPAMENTO: SUPORTE DE PAREDE PARA CAIXA DE SOM, CAPACIDADE CARGA: ATE 25KG, DIMENSAO (H X L X C): 180MM X 71MM X 350MM, COR: PRETA, MODELO: PAREDE COM AJUSTE DE INCLINACAO, FORMA FORNECIMENTO: UNIDADE - ID:177321 - Código do Item:5999.003.0076",2,S
PD 002/26 R1,RIOPREVIDÊNCIA - FUNDO UNICO DE PREVIDENCIA SOCIAL DO ESTADO DO RIO DE JANEIRO,PROCESSO ELETRÔNICO DE DISPENSA - LEI 14.133/21,Item: 7 Lote: 1,184163,5965.005.0032,"FONE OUVIDO,MATERIAL: PLASTICO, COR: PRETO, TIPO: CIRCUMAURAL PROFISSIONAL, IMPEDANCIA: 40 OHMS, SENSIBILIDADE: 97DB /MW, FAIXA FREQUENCIA: 10HZ A 22KHZ, POTENCIA MAXIMA ENTRADA: 500MW, REGULAGEM: N/D, DIAMETRO: 40 MM, COMPRIMENTO CABO: 3 M, FORMA FORNECIMENTO: UNIDADE - ID:184163 - Código do Item:5965.005.0032",1,S
PD 002/26 R1,RIOPREVIDÊNCIA - FUNDO UNICO DE PREVIDENCIA SOCIAL DO ESTADO DO RIO DE JANEIRO,PROCESSO ELETRÔNICO DE DISPENSA - LEI 14.133/21,Item: 8 Lote: 1,188214,5965.009.0061,"MICROFONE SEM FIO,MODELO: SISTEMA DE MAO SEM FIO, MATERIAL CORPO: METAL /PLASTICO, PADRAO CAPSULA: CARDIOIDE, MODO RECEPCAO: LCD - SAIDAS: 1 x XLR, 1 x 1/4`` - FONTE DE ALIMENTACAO: 12-15V DC, RESPOSTA FREQUENCIA: 50HZ ~ 15KHZ, NIVEL SAIDA AF: 50HZ-20 KHZ, IMPEDANCIA: 200 OHMS 1/4 : 50 OHMS, BANDA FREQUENCIA: 50 HZ - 15000 HZ, MODULO MODULACAO: 105DBM PARA 12DB SINAD, TIPICA, CORRENTE: BIVOLT, FONTE DE ALIMENTACAO 12-15V DC, TENSAO: BIVOLT, COR: PRETA, FORMA FORNECIMENTO: UNIDADE - ID:188214 - Código do Item:5965.009.0061",2,S
PD 002/26 R1,RIOPREVIDÊNCIA - FUNDO UNICO DE PREVIDENCIA SOCIAL DO ESTADO DO RIO DE JANEIRO,PROCESSO ELETRÔNICO DE DISPENSA - LEI 14.133/21,Item: 9 Lote: 1,191746,6145.008.0055,"CABO AUDIO / VIDEO,MODELO: P2 PARA P10, QUANTIDADE VIAS: ESTEREO, SECAO NOMINAL: N/A, BLINDAGEM: FITA DE ALUMINIO + COBRE TRACADO, REVESTIMENTO CABO: EMBORRACHADO, COR CABO: PRETO, CONECTOR: P10 MONO e P2 ESTEREO, COMPRIMENTO: 3 M, REVESTIMENTO CONECTOR: N/A, COR CONECTOR: N/A, REVESTIMENTO TERMINAL: N/A, FORMA FORNECIMENTO: UNIDADE - ID:191746 - Código do Item:6145.008.0055",1,S
PD 002/26 R1,RIOPREVIDÊNCIA - FUNDO UNICO DE PREVIDENCIA SOCIAL DO ESTADO DO RIO DE JANEIRO,PROCESSO ELETRÔNICO DE DISPENSA - LEI 14.133/21,Item: 10 Lote: 1,192813,7060.014.0034,"PECAS / COMPONENTES NOBREAK,DESCRICAO: NOBREAK NEW STATION UPS LINE INTERACTIVE 600 VA, MODELO: NOBREAK 600 VA NEW STATION, REFERENCIA: NEW STATION UPS 0027396, FABRICANTE: SMS, FORMA FORNECIMENTO: UNIDADE - ID:192813 - Código do Item:7060.014.0034",1,S
PD 002/26 R1,RIOPREVIDÊNCIA - FUNDO UNICO DE PREVIDENCIA SOCIAL DO ESTADO DO RIO DE JANEIRO,PROCESSO ELETRÔNICO DE DISPENSA - LEI 14.133/21,Item: 11 Lote: 1,193936,5835.022.0003,"MONITOR DE REFERENCIA,AMPLIFICADOR: 50 W, FAIXA FREQUENCIA: 55 HZ A 20 KHZ, IMPEDANCIA: 20 KOHMS, INDICADOR FORCA: LED, CONECTORES: XLR E 1 X 1 1/4 ` TRS SERVO-BALANCEADAS ENTRADAS, FORMA FORNECIMENTO: UNIDADE - ID:193936 - Código do Item:5835.022.0003",2,S
PD 002/26 R1,RIOPREVIDÊNCIA - FUNDO UNICO DE PREVIDENCIA SOCIAL DO ESTADO DO RIO DE JANEIRO,PROCESSO ELETRÔNICO DE DISPENSA - LEI 14.133/21,Item: 12 Lote: 1,197293,5835.013.0046,"CAIXA SOM AMPLIFICADA,NUMERO CANAIS: 2, MATERIAL CAIXA: MADEIRA, COR: PRETA, IMPEDANCIA: 8 Ohm, POTENCIA RMS: 600 W, ENTRADA: XLR(BALANCEADA), P10(6,35 MM), RCA (L/R), P2(3,5 ESTEREO), USB, CARTAO SD, SAIDA: XRL, ALIMENTACAO: 110/220 V, FALANTES: 01 ALTO FALANTE DE 12`` E 01 TWEETER, DIMENSOES (L X H X P), CAIXA: 602 X 356 X 350 MM, CARACTERISTICAS ESPECIAIS: AMPLIFICACAO HIBRIDA CLASS D + CLASS AB, FORMA FORNECIMENTO: UNIDADE - ID:197293 - Código do Item:5835.013.0046",2,S
PD 003/24,SEDCON - SECRETARIA DE ESTADO DE DEFESA DO CONSUMIDOR,PROCESSO ELETRÔNICO DE DISPENSA - LEI 14.133/21,Item: 1,136273,0672.002.0156,"SERVICOS DE FORNECIMENTO DE REFEICOES PREPARADAS, LANCHES E SIMILARES,DESCRIÇÃO: CONTRATACAO DE EMPRESA ESPECIALIZADA NA PRESTACAO DE SERVICOS DE PREPARO E DISTRIBUICAO DE REFEICOES PREPARADAS, LANCHES E SIMILARES - ID:136273 - Código do Item:0672.002.0156",1,S
PD 003/26,SEPPENRJ - SECRETARIA DE ESTADO DE POLICIA PENAL,PROCESSO ELETRÔNICO DE DISPENSA - LEI 14.133/21,Item: 1,89214,0223.020.0061,"DEMOLICOES, RETIRADAS E REMOCOES,DESCRIÇÃO: CONTRATACAO DE EMPRESA ESPECIALIZADA PARA DEMOLICAO DE ALVENARIA SEM REAPROVEITAMENTO DO MATERIAL - ID:89214 - Código do Item:0223.020.0061",1,N
PD 003/26,SEFAZ - SECRETARIA DE ESTADO DE FAZENDA,PROCESSO ELETRÔNICO DE DISPENSA - LEI 14.133/21,Item: 1,194732,8405.013.0806,"CAMISA,MODELO: POLO, CATEGORIA: UNISSEX, TIPO MANGA: CURTA, BOLSO - QUANTIDADE X POSICAO: SEM BOLSO, FECHAMENTO: BOTAO, COR: AZUL ROYAL, TAMANHO: P, MATERIAL: DRY FIT, LOGO: COM LOGO, FORMA FORNECIMENTO: UNIDADE - ID:194732 - Código do Item:8405.013.0806",20,N
PD 003/26,SEFAZ - SECRETARIA DE ESTADO DE FAZENDA,PROCESSO ELETRÔNICO DE DISPENSA - LEI 14.133/21,Item: 2,194733,8405.013.0807,"CAMISA,MODELO: POLO, CATEGORIA: UNISSEX, TIPO MANGA: CURTA, BOLSO - QUANTIDADE X POSICAO: SEM BOLSO, FECHAMENTO: BOTAO, COR: AZUL ROYAL, TAMANHO: M, MATERIAL: DRY FIT, LOGO: COM LOGO, FORMA FORNECIMENTO: UNIDADE - ID:194733 - Código do Item:8405.013.0807",30,N
PD 003/26,SEFAZ - SECRETARIA DE ESTADO DE FAZENDA,PROCESSO ELETRÔNICO DE DISPENSA - LEI 14.133/21,Item: 3,194734,8405.013.0808,"CAMISA,MODELO: POLO, CATEGORIA: UNISSEX, TIPO MANGA: CURTA, BOLSO - QUANTIDADE X POSICAO: SEM BOLSO, FECHAMENTO: BOTAO, COR: AZUL ROYAL, TAMANHO: G, MATERIAL: DRY-FIT, LOGO: COM LOGO, FORMA FORNECIMENTO: UNIDADE - ID:194734 - Código do Item:8405.013.0808",60,N
PD 003/26,SEFAZ - SECRETARIA DE ESTADO DE FAZENDA,PROCESSO ELETRÔNICO DE DISPENSA - LEI 14.133/21,Item: 4,194735,8405.013.0809,"CAMISA,MODELO: POLO, CATEGORIA: UNISSEX, TIPO MANGA: CURTA, BOLSO - QUANTIDADE X POSICAO: SEM BOLSO, FECHAMENTO: BOTAO, COR: AZUL ROYAL, TAMANHO: GG, MATERIAL: DRY-FIT, LOGO: COM LOGO, FORMA FORNECIMENTO: UNIDADE - ID:194735 - Código do Item:8405.013.0809",10,N
PD 004/25,DETRAN - DEPARTAMENTO DE TRÂNSITO DO ESTADO DO RJ,PROCESSO ELETRÔNICO DE DISPENSA - LEI 14.133/21,Item: 1,68291,0754.005.0002,"PRODUTOS PERSONALIZADOS,DESCRICAO: CONTRATACAO DE EMPRESA ESPECIALIZADA NA CONFECCAO DE CORDOES PARA CRACHA PERSONALIZADOS - ID:68291 - Código do Item:0754.005.0002",5000,S
PD 004/26,SEPPENRJ - SECRETARIA DE ESTADO DE POLICIA PENAL,PROCESSO ELETRÔNICO DE DISPENSA - LEI 14.133/21,Item: 1,89214,0223.020.0061,"DEMOLICOES, RETIRADAS E REMOCOES,DESCRIÇÃO: CONTRATACAO DE EMPRESA ESPECIALIZADA PARA DEMOLICAO DE ALVENARIA SEM REAPROVEITAMENTO DO MATERIAL - ID:89214 - Código do Item:0223.020.0061",1,N
PD 004/26,SEFAZ - SECRETARIA DE ESTADO DE FAZENDA,PROCESSO ELETRÔNICO DE DISPENSA - LEI 14.133/21,Item: 1,199296,6105.003.0007,"MOTOR ELETRICO,POTENCIA: 1,5 CV, POLARIDADE: TRIFASICO, 6 POLOS, FREQUENCIA: 60 HZ, TENSAO: 220/380V, ISOLAMENTO: 155 GRAUS, GRAU PROTECAO: IP55, MATERIAL CARCACA: TVFE (TOTALMENTE FECHADO COM VENTILACAO EXTERNA), NORMA: NBR IEC 60034, FORMA FORNECIMENTO: UNIDADE - ID:199296 - Código do Item:6105.003.0007",9,N
PD 004/26,SEFAZ - SECRETARIA DE ESTADO DE FAZENDA,PROCESSO ELETRÔNICO DE DISPENSA - LEI 14.133/21,Item: 2,198262,4160.034.0005,"HELICE CONDICIONADOR AR,REFERENCIA: B6931B, FABRICANTE: HITACHI, MODELO CONDICIONADOR: CHILLER 15 A 25TR, DIAMETRO 710MM, FORMA FORNECIMENTO: UNIDADE - ID:198262 - Código do Item:4160.034.0005",9,N
PD 006/26,DETRAN - DEPARTAMENTO DE TRÂNSITO DO ESTADO DO RJ,PROCESSO ELETRÔNICO DE DISPENSA - LEI 14.133/21,Item: 1,199302,0119.001.0282,"SERVICOS DE IMPRESSAO DIGITAL, SERIGRAFIA, LITOGRAFIA, PLANOGRAFICA E TRATAMENTO DE IMAGENS,DESCRICAO: CONFECCAO DE CERTIDAO DE PRONTUARIO, MATERIAL: PAPEL MOEDA 90GR, TIPO: FORMATO A4 - ID:199302 - Código do Item:0119.001.0282",15000,S
PD 008/26,GSI - GABINETE DE SEGURANÇA INSTITUCIONAL DO GOVERNO DO ESTADO DO RIO DE JANEIRO,PROCESSO ELETRÔNICO DE DISPENSA - LEI 14.133/21,Item: 1 Lote: 1,193091,7055.007.0011,"CONTROLADOR DE ACESSO BIOMETRICO,DESCRICAO: CONTROLE ACESSO FACIAL, DIMENSAO (H X L X P): DIMENSOES APROXIMADAS:  76,7 MM X 54,5 MM X 174 MM (L X P X A) - TERMINAL 52 MM X 52 MM X 22 MM (L X P X A) - MODULO DE ACIONAMENTO EXTERNO, TERMINAL / 35G - MODULO DE ACIONAMENTO EXTERNO, TIPO: EQUIPAMENTO DE BIOMETRIA FACIAL IDEAL PARA MONITORAR E CONTROLAR A ENTRADA E SAIDA DE PESSOAS ATRAVES DA TECNOLOGIA DE RECONHECIMENTO FACIAL, RESOLUÇÃO: DISPLAY TOUCHSCREEN DE 3,5, GARANTIA: 12 MESES, TIPO ALIMENTACAO: ALIMENTACAO FONTE EXTERNA DE 12V 2A, AUTENTICACAO: AUTENTICAR USUARIOS COM MASCARA E IDENTIFICAR ATE 10.000 FACES (1:N), NUMERO DE REGISTROS: CAPACIDADE DE 10 MIL FACES CADASTRADAS E 200.000 USUARIOS CADASTRADOS, TEMPO DE AUTENTICACAO: N/A, FORMA FORNECIMENTO: UNIDADE - ID:193091 - Código do Item:7055.007.0011",10,S
PD 008/26,GSI - GABINETE DE SEGURANÇA INSTITUCIONAL DO GOVERNO DO ESTADO DO RIO DE JANEIRO,PROCESSO ELETRÔNICO DE DISPENSA - LEI 14.133/21,Item: 2 Lote: 2,186294,5897.074.0006,"FONTE ALIMENTACAO CAMERA,POTENCIA TOTAL: 28,8 W, TENSAO ENTRADA: 90/240V - 50-60HZ, FREQUENCIA: 50-60 HZ, SAIDA: 14,4V DE CORRENTE CONTINUA, CORRENTE SAIDA: 2A, CARACTERISTICAS ADICIONAIS: ININTERRUPTA, FORMA FORNECIMENTO: UNIDADE - ID:186294 - Código do Item:5897.074.0006",5,S
PD 008/26,GSI - GABINETE DE SEGURANÇA INSTITUCIONAL DO GOVERNO DO ESTADO DO RIO DE JANEIRO,PROCESSO ELETRÔNICO DE DISPENSA - LEI 14.133/21,Item: 3 Lote: 1,199668,5999.003.0101,"SUPORTE EQUIPAMENTO ELETRICO-ELETRONICO,MATERIAL: LIGA DE ALUMINIO, TIPO EQUIPAMENTO: SUPORTE CATRACA CONTROLADOR ACESSO FACIAL, CAPACIDADE CARGA: LEITOR FACIAL, DIMENSAO (H X L X C): 19CM X 7CM X 7CM, COR: CINZA, MODELO: FIXO MESA, FORMA FORNECIMENTO: UNIDADE - ID:199668 - Código do Item:5999.003.0101",10,S
PD 024/26,SEPOL - SECRETARIA DE ESTADO DE POLICIA CIVIL,PROCESSO ELETRÔNICO DE DISPENSA - LEI 14.133/21,Item: 1 Lote: 1,178393,7490.001.0046,"MAQUINA IMPRESSORA,TECNOLOGIA: TERMICA, IMPRESSAO: TERMICA, VELOCIDADE COPIA: 127MM, RESOLUCAO: 203DPI, TAMANHO MAXIMO PAPEL: 25,4MM ~ 105MM, TENSAO: 127V, TIPO ALIMENTACAO: ELETRICA, FORMA FORNECIMENTO: UNIDADE - ID:178393 - Código do Item:7490.001.0046",2,S
PD 024/26,SEPOL - SECRETARIA DE ESTADO DE POLICIA CIVIL,PROCESSO ELETRÔNICO DE DISPENSA - LEI 14.133/21,Item: 2 Lote: 2,170891,7530.017.0046,"ETIQUETA AUTO ADESIVA TERMICA,MATERIAL: POLIESTER PRATA FOSCA, GRAMATURA: 30 G, FORMATO: RETANGULAR, DIMENSAO (L X C): 45 MM X 15 MM, QUANTIDADE FOLHA: 1000 ETIQUETAS POR ROLO, FORMA FORNECIMENTO: ROLO - ID:170891 - Código do Item:7530.017.0046",20000,S
PD 0240/26,FSERJ - FUNDAÇÃO SAÚDE DO EST. DO RIO DE JANEIRO,PROCESSO ELETRÔNICO DE DISPENSA - LEI 14.133/21,Item: 1,166015,6810.190.0009,"ACETONA,APLICACAO: PARA ANALISE, FORMULA MOLECULAR: CH3COCH3, FORMA FORNECIMENTO: FRASCO DE 500 ~ 1000 ML - ID:166015 - Código do Item:6810.190.0009",29000,N
PD 0240/26,FSERJ - FUNDAÇÃO SAÚDE DO EST. DO RIO DE JANEIRO,PROCESSO ELETRÔNICO DE DISPENSA - LEI 14.133/21,Item: 2,166017,6820.062.1119,"PRODUTO QUIMICO,DESCRICAO QUIMICA: ACIDO ACETICO GLACIAL P.A, PUREZA: PM 60,05, FORMULA MOLECULAR: CH3COOH, ASPECTO: LIQUIDO COM FORTE ODOR, APLICACAO: ANALISE LABORATORIAL, CONCENTRACAO: 99,7%, GRANULOMETRIA: N/A, FORMA FORNECIMENTO: FRASCO DE 500 ~ 1000 ML - ID:166017 - Código do Item:6820.062.1119",7000,N
PD 0240/26,FSERJ - FUNDAÇÃO SAÚDE DO EST. DO RIO DE JANEIRO,PROCESSO ELETRÔNICO DE DISPENSA - LEI 14.133/21,Item: 3,166016,6820.062.1118,"PRODUTO QUIMICO,DESCRICAO QUIMICA: ACIDO CLORIDICO FUMEGANTE P.A - ISO, PUREZA: 37%, FORMULA MOLECULAR: HCl, ASPECTO: LIQUIDO INCOLOR, APLICACAO: PARA ANALISE, CONCENTRACAO: N/A, GRANULOMETRIA: N/A, FORMA FORNECIMENTO: FRASCO DE 500 ~ 1000 ML - ID:166016 - Código do Item:6820.062.1118",6000,N
PD 0240/26,FSERJ - FUNDAÇÃO SAÚDE DO EST. DO RIO DE JANEIRO,PROCESSO ELETRÔNICO DE DISPENSA - LEI 14.133/21,Item: 4,166034,6820.062.1124,"PRODUTO QUIMICO,DESCRICAO QUIMICA: ACIDO SULFURICO, PUREZA: 95 ~ 97%, FORMULA MOLECULAR: H2SO4, ASPECTO: LIQUIDO, APLICACAO: PARA ANALISE, CONCENTRACAO: N/A, GRANULOMETRIA: N/A, FORMA FORNECIMENTO: FRASCO DE 500 ~ 1000 ML - ID:166034 - Código do Item:6820.062.1124",3000,N
PD 0240/26,FSERJ - FUNDAÇÃO SAÚDE DO EST. DO RIO DE JANEIRO,PROCESSO ELETRÔNICO DE DISPENSA - LEI 14.133/21,Item: 5,166035,6820.062.1125,"PRODUTO QUIMICO,DESCRICAO QUIMICA: ETANOL ABSOLUTO, PUREZA: 99,9%, FORMULA MOLECULAR: C2H5OH, ASPECTO: LIQUIDO, APLICACAO: PARA ANALISE, CONCENTRACAO: N/A, GRANULOMETRIA: N/A, FORMA FORNECIMENTO: FRASCO DE 500 ~ 1000 ML - ID:166035 - Código do Item:6820.062.1125",933000,N
PD 0240/26,FSERJ - FUNDAÇÃO SAÚDE DO EST. DO RIO DE JANEIRO,PROCESSO ELETRÔNICO DE DISPENSA - LEI 14.133/21,Item: 6,198694,6810.472.0109,"ALCOOL ,TIPO: ALCOOL ISOAMILICO / C5H12O, ASPECTO: LIQUIDO-INCOLOR, CONCENTRACAO: 98,5%, FORNECIMENTO: FRASCO 1 LITRO - ID:198694 - Código do Item:6810.472.0109",3,N
PD 0240/26,FSERJ - FUNDAÇÃO SAÚDE DO EST. DO RIO DE JANEIRO,PROCESSO ELETRÔNICO DE DISPENSA - LEI 14.133/21,Item: 7,166018,6820.062.1120,"PRODUTO QUIMICO,DESCRICAO QUIMICA: BUTANOL, PUREZA: PARA ANALISE, FORMULA MOLECULAR: C4H10O, ASPECTO: LIQUIDO INCOLOR, APLICACAO: PARA ANALISE, CONCENTRACAO: 74,1216 G/MOL, GRANULOMETRIA: N/A, FORMA FORNECIMENTO: FRASCO DE 500 ~ 1000 ML - ID:166018 - Código do Item:6820.062.1120",3000,N
PD 0240/26,FSERJ - FUNDAÇÃO SAÚDE DO EST. DO RIO DE JANEIRO,PROCESSO ELETRÔNICO DE DISPENSA - LEI 14.133/21,Item: 8,166019,6820.062.1121,"PRODUTO QUIMICO,DESCRICAO QUIMICA: CLOROFORMIO, PUREZA: 99 ~ 99,4%, FORMULA MOLECULAR: CHCl3, ASPECTO: LIQUIDO INCOLOR, APLICACAO: PARA ANALISE, CONCENTRACAO: <  = 100%, GRANULOMETRIA: N/A, FORMA FORNECIMENTO: FRASCO DE 500 ~ 1000 ML - ID:166019 - Código do Item:6820.062.1121",15000,N
PD 0240/26,FSERJ - FUNDAÇÃO SAÚDE DO EST. DO RIO DE JANEIRO,PROCESSO ELETRÔNICO DE DISPENSA - LEI 14.133/21,Item: 9,166020,6810.290.0007,"ETER,ASPECTO: LIQUIDO PARA ANALISE, FORMA FORNECIMENTO: FRASCO DE 500 ~ 1000 ML - ID:166020 - Código do Item:6810.290.0007",5000,N
PD 0240/26,FSERJ - FUNDAÇÃO SAÚDE DO EST. DO RIO DE JANEIRO,PROCESSO ELETRÔNICO DE DISPENSA - LEI 14.133/21,Item: 10,166021,6810.420.0002,"ETER DE PETROLEO,APLICACAO: PARA ANALISE, COMPOSICAO: DESTILACAO 30 A 60 GRAUS C, APHA MAX10, RESIDUO APOS EVAPORACAO MAX 0,001%, ODOR, ACIDEZ, OLEO E GORDURA PASSAM NO TESTE, EMBALAGEM: FRASCO, FORMA FORNECIMENTO: FRASCO DE 500 ~ 1000 ML - ID:166021 - Código do Item:6810.420.0002",46000,N
PD 0240/26,FSERJ - FUNDAÇÃO SAÚDE DO EST. DO RIO DE JANEIRO,PROCESSO ELETRÔNICO DE DISPENSA - LEI 14.133/21,Item: 11,166023,6810.329.0003,"ISOPROPANOL,ASPECTO: LIQUIDO, COR: INCOLOR, FORMULA MOLECULAR: C3H8O, PESO MOLECULAR: 60,1 G/MOL, APLICACAO: PARA ANALISE, FORMA FORNECIMENTO: FRASCO DE 500 ~ 1000 ML - ID:166023 - Código do Item:6810.329.0003",44000,N
PD 0240/26,FSERJ - FUNDAÇÃO SAÚDE DO EST. DO RIO DE JANEIRO,PROCESSO ELETRÔNICO DE DISPENSA - LEI 14.133/21,Item: 12,198726,6810.398.0004,"SOLUCAO IODO CLORO - WIJS,ASPECTO: LIQUIDO, APLICACAO: DETERMINACAO DO INDICE DE IODO EM OLEOS E GORDURAS, FORMA FORNECIMENTO: FRASCO 1 L, PUREZA: 99,0 %, FORMA MOLECULAR: ICL, CONCENTRACAO: 0,1 G/MOL - ID:198726 - Código do Item:6810.398.0004",9,N
PD 0240/26,FSERJ - FUNDAÇÃO SAÚDE DO EST. DO RIO DE JANEIRO,PROCESSO ELETRÔNICO DE DISPENSA - LEI 14.133/21,Item: 13,166027,6820.020.0004,"CORANTE LUGOL, SOLUCAO,ASPECTO: LIQUIDO, APLICACAO: COLORACAO GRAM, FORMA FORNECIMENTO: FRASCO DE 500 ~ 1000 ML - ID:166027 - Código do Item:6820.020.0004",7000,N
PD 0240/26,FSERJ - FUNDAÇÃO SAÚDE DO EST. DO RIO DE JANEIRO,PROCESSO ELETRÔNICO DE DISPENSA - LEI 14.133/21,Item: 14,198750,6820.062.1370,"PRODUTO QUIMICO,DESCRICAO QUIMICA: CLORETO DE AMONIO, PUREZA: ~99%, FORMULA MOLECULAR: NH4CI, ASPECTO: SOLIDO, APLICACAO: REAGENTE DE LABORATORIO, CONCENTRACAO: N/A, GRANULOMETRIA: N/A, FORMA FORNECIMENTO: FRASCO 500G - ID:198750 - Código do Item:6820.062.1370",2,N
PD 0240/26,FSERJ - FUNDAÇÃO SAÚDE DO EST. DO RIO DE JANEIRO,PROCESSO ELETRÔNICO DE DISPENSA - LEI 14.133/21,Item: 15,198751,6820.062.1371,"PRODUTO QUIMICO,DESCRICAO QUIMICA: DICROMATO DE POTASSIO, PUREZA: ~99%, FORMULA MOLECULAR: K2CR2O7, ASPECTO: SOLIDO, APLICACAO: REAGENTE DE LABORATORIO, CONCENTRACAO: N/A, GRANULOMETRIA: N/A, FORMA FORNECIMENTO: FRASCO 1 KG - ID:198751 - Código do Item:6820.062.1371",5,N
PD 0240/26,FSERJ - FUNDAÇÃO SAÚDE DO EST. DO RIO DE JANEIRO,PROCESSO ELETRÔNICO DE DISPENSA - LEI 14.133/21,Item: 16,166022,6820.062.1122,"PRODUTO QUIMICO,DESCRICAO QUIMICA: HIDROXIDO AMONIO, PUREZA: 0,3, FORMULA MOLECULAR: NH4OH, ASPECTO: LIQUIDO INCOLOR, APLICACAO: PARA ANALISE, CONCENTRACAO: N/A, GRANULOMETRIA: N/A, FORMA FORNECIMENTO: FRASCO DE 500 ~ 1000 ML - ID:166022 - Código do Item:6820.062.1122",3000,N
PD 0240/26,FSERJ - FUNDAÇÃO SAÚDE DO EST. DO RIO DE JANEIRO,PROCESSO ELETRÔNICO DE DISPENSA - LEI 14.133/21,Item: 17,198749,6820.062.1369,"PRODUTO QUIMICO,DESCRICAO QUIMICA: PERMANGANATO DE POTASSIO, PUREZA: ~99%, FORMULA MOLECULAR: KMNO4, ASPECTO: SOLIDO, APLICACAO: REAGENTE DE LABORATORIO, CONCENTRACAO: N/A, GRANULOMETRIA: N/A, FORMA FORNECIMENTO: FRASCO 1 KG - ID:198749 - Código do Item:6820.062.1369",2,N
PD 0240/26,FSERJ - FUNDAÇÃO SAÚDE DO EST. DO RIO DE JANEIRO,PROCESSO ELETRÔNICO DE DISPENSA - LEI 14.133/21,Item: 18,184594,6820.062.1266,"PRODUTO QUIMICO,DESCRICAO QUIMICA: ACIDO FORMICO, PUREZA: >98%, FORMULA MOLECULAR: CH&#8322;O&#8322;, ASPECTO: LIQUIDO LIMPIDO, INCOLOR, APLICACAO: PARA ANALISES LABORATORIAIS EM ESPECTROMETRIA DE MASSAS, CONCENTRACAO: 46,03 G/MOL, GRANULOMETRIA: LC-MS, FORMA FORNECIMENTO: FRASCO DE 100 ML - ID:184594 - Código do Item:6820.062.1266",17,N
PD 0240/26,FSERJ - FUNDAÇÃO SAÚDE DO EST. DO RIO DE JANEIRO,PROCESSO ELETRÔNICO DE DISPENSA - LEI 14.133/21,Item: 19,155721,6820.062.1047,"PRODUTO QUIMICO,DESCRICAO QUIMICA: ACIDO LATICO, PUREZA: 84,5~ 90%, FORMULA MOLECULAR: C3H6O3, ASPECTO: LIQUIDO, APLICACAO: PARA ANALISE, CONCENTRACAO: 90%, GRANULOMETRIA: N/A, FORMA FORNECIMENTO: FRASCO DE 1000 ML - ID:155721 - Código do Item:6820.062.1047",2,N
PD 0240/26,FSERJ - FUNDAÇÃO SAÚDE DO EST. DO RIO DE JANEIRO,PROCESSO ELETRÔNICO DE DISPENSA - LEI 14.133/21,Item: 20,186852,6810.233.0003,"CLORAL HIDRATO CORANTE,FORMULA MOLECULAR: C2H3CL3O2, PESO MOLECULAR: 165,4, PUREZA: 99%, FORMA FORNECIMENTO: FRASCO 100 GRAMAS - ID:186852 - Código do Item:6810.233.0003",5,N
PD 0240/26,FSERJ - FUNDAÇÃO SAÚDE DO EST. DO RIO DE JANEIRO,PROCESSO ELETRÔNICO DE DISPENSA - LEI 14.133/21,Item: 21,197557,6820.062.1356,"PRODUTO QUIMICO,DESCRICAO QUIMICA: SOLUCAO HIDROXIDO POTASSIO, PUREZA: 0,4, FORMULA MOLECULAR: KOH, ASPECTO: LIQUIDO, APLICACAO: PARA ANALISE, CONCENTRACAO: 20 A 40%, GRANULOMETRIA: N/A, FORMA FORNECIMENTO: FRASCO DE 500~1000 ML - ID:197557 - Código do Item:6820.062.1356",4,N
PD 0240/26,FSERJ - FUNDAÇÃO SAÚDE DO EST. DO RIO DE JANEIRO,PROCESSO ELETRÔNICO DE DISPENSA - LEI 14.133/21,Item: 22,197558,6860.049.0004,"GOMA ARABICA,ASPECTO: PO, COR: AMARELO-ESBRANQUICADO, SOLUBILIDADE: AGUA, APLICACAO: INDUSTRIA FARMACEUTICA, PARA TRANSFORMACAO, FORMA FORNECIMENTO: FRASCO DE 100G - ID:197558 - Código do Item:6860.049.0004",5,N
PD 0240/26,FSERJ - FUNDAÇÃO SAÚDE DO EST. DO RIO DE JANEIRO,PROCESSO ELETRÔNICO DE DISPENSA - LEI 14.133/21,Item: 23,86223,6860.023.0002,"DEXTROSE,ASPECTO: PO, COR: INCOLOR, FORMULA MOLECULAR: C6H12O6, PESO MOLECULAR: 180,16, APLICACAO: PARA ANALISE - ID:86223 - Código do Item:6860.023.0002",5,N
PD 0240/26,FSERJ - FUNDAÇÃO SAÚDE DO EST. DO RIO DE JANEIRO,PROCESSO ELETRÔNICO DE DISPENSA - LEI 14.133/21,Item: 24,169809,6820.062.1159,"PRODUTO QUIMICO,DESCRICAO QUIMICA: FENOL P.A, PUREZA: 99,00%, FORMULA MOLECULAR: C6H5OH, ASPECTO: SOLIDO INCOLOR, APLICACAO: ANALISE DE MATERIA-PRIMA, CONCENTRACAO: 8,2G/100ML, GRANULOMETRIA: N/A, FORMA FORNECIMENTO: FRASCO DE 25G - ID:169809 - Código do Item:6820.062.1159",4,N
PD 0240/26,FSERJ - FUNDAÇÃO SAÚDE DO EST. DO RIO DE JANEIRO,PROCESSO ELETRÔNICO DE DISPENSA - LEI 14.133/21,Item: 25,166036,6820.062.1126,"PRODUTO QUIMICO,DESCRICAO QUIMICA: METANOL, PUREZA: 0,999, FORMULA MOLECULAR: CH3OH, ASPECTO: LIQUIDO, APLICACAO: PARA HPLC, CONCENTRACAO: N/A, GRANULOMETRIA: N/A, FORMA FORNECIMENTO: FRASCO DE 1000 ~ 5000 ML - ID:166036 - Código do Item:6820.062.1126",4000,N
PD 0240/26,FSERJ - FUNDAÇÃO SAÚDE DO EST. DO RIO DE JANEIRO,PROCESSO ELETRÔNICO DE DISPENSA - LEI 14.133/21,Item: 26,140399,6820.088.0027,"CORANTE,TIPO: COLORACAO DE GRAM, APLICACAO: PARA ANALISE MICROBIOLOGICA, ASPECTO: LIQUIDO, APRESENTACAO: FRASCO 500 ML, FORMULA MOLECULAR: FUCSINA FENICADA GRAM- C20H20CIN3/CRISTAL VIOLETA-C25H30CIN3/ LUGOL- I2/ ALCOOL ETILICO- C2H6O/ ACETONA- C3H6O - ID:140399 - Código do Item:6820.088.0027",8,N
PD 039/26 R1,FSERJ - FUNDAÇÃO SAÚDE DO EST. DO RIO DE JANEIRO,PROCESSO ELETRÔNICO DE DISPENSA - LEI 14.133/21,Item: 1,165513,6810.405.0361,"OLIGONUCLEOTIDEO,DESCRICAO: PESQUISA ARBOVIROSES, 15 BASES, CONCENTRACAO: 250 NMOLES, FORMA FORNECIMENTO: TUBO - ID:165513 - Código do Item:6810.405.0361",2,N
PD 039/26 R1,FSERJ - FUNDAÇÃO SAÚDE DO EST. DO RIO DE JANEIRO,PROCESSO ELETRÔNICO DE DISPENSA - LEI 14.133/21,Item: 2,165514,6810.405.0362,"OLIGONUCLEOTIDEO,DESCRICAO: PESQUISA ARBOVIROSES, 17 BASES, CONCENTRACAO: 250 NMOLES, FORMA FORNECIMENTO: TUBO - ID:165514 - Código do Item:6810.405.0362",2,N
PD 039/26 R1,FSERJ - FUNDAÇÃO SAÚDE DO EST. DO RIO DE JANEIRO,PROCESSO ELETRÔNICO DE DISPENSA - LEI 14.133/21,Item: 3,165515,6810.405.0363,"OLIGONUCLEOTIDEO,DESCRICAO: PESQUISA ARBOVIROSES, 19 BASES, CONCENTRACAO: 250 NMOLES, FORMA FORNECIMENTO: UN - ID:165515 - Código do Item:6810.405.0363",2,N
PD 039/26 R1,FSERJ - FUNDAÇÃO SAÚDE DO EST. DO RIO DE JANEIRO,PROCESSO ELETRÔNICO DE DISPENSA - LEI 14.133/21,Item: 4,165517,6810.405.0365,"OLIGONUCLEOTIDEO,DESCRICAO: PESQUISA ARBOVIROSES, 21 BASES, CONCENTRACAO: 250 NMOLES, FORMA FORNECIMENTO: TUBO - ID:165517 - Código do Item:6810.405.0365",2,N
PD 039/26 R1,FSERJ - FUNDAÇÃO SAÚDE DO EST. DO RIO DE JANEIRO,PROCESSO ELETRÔNICO DE DISPENSA - LEI 14.133/21,Item: 5,165518,6810.405.0366,"OLIGONUCLEOTIDEO,DESCRICAO: PESQUISA ARBOVIROSES, 22 BASES, CONCENTRACAO: 250 NMOLES, FORMA FORNECIMENTO: TUBO - ID:165518 - Código do Item:6810.405.0366",2,N
PD 039/26 R1,FSERJ - FUNDAÇÃO SAÚDE DO EST. DO RIO DE JANEIRO,PROCESSO ELETRÔNICO DE DISPENSA - LEI 14.133/21,Item: 6,165521,6810.405.0369,"OLIGONUCLEOTIDEO,DESCRICAO: SONDA, PESQUISA ARBOVIROSES, 18 BASES, VIC OU HEX NA EXTREMIDADE 5, MODIFICACAO SEM FLUORESCENCIA  EQUIVALENTE A BHQ NA EXTREMIDADE 3, CONCENTRACAO: 250 NMOLES, FORMA FORNECIMENTO: TUBO - ID:165521 - Código do Item:6810.405.0369",2,N
PD 039/26 R1,FSERJ - FUNDAÇÃO SAÚDE DO EST. DO RIO DE JANEIRO,PROCESSO ELETRÔNICO DE DISPENSA - LEI 14.133/21,Item: 7,165522,6810.405.0370,"OLIGONUCLEOTIDEO,DESCRICAO: SONDA, PESQUISA ARBOVIROSES, 19 BASES, FAM NA EXTREMIDADE 5 E MODIFICACAO SEM FLUORESCENCIA EQUIVALENTE A BHQ1 NA EXTREMIDADE 3, CONCENTRACAO: 250 NMOLES, FORMA FORNECIMENTO: TUBO - ID:165522 - Código do Item:6810.405.0370",2,N
PD 039/26 R1,FSERJ - FUNDAÇÃO SAÚDE DO EST. DO RIO DE JANEIRO,PROCESSO ELETRÔNICO DE DISPENSA - LEI 14.133/21,Item: 8,165524,6810.405.0372,"OLIGONUCLEOTIDEO,DESCRICAO: SONDA, PESQUISA ARBOVIROSES, 24 BASES, FAM NA EXTREMIDADE 5, MODIFICACAO SEM FLUORESCENCIA EQUIVALENTE A BHQ-1 NA EXTREMIDADE 3, CONCENTRACAO: 250 NMOLES, FORMA FORNECIMENTO: TUBO - ID:165524 - Código do Item:6810.405.0372",2,N
PD 05//25,SEEDUC - SECRETARIA DE ESTADO DE EDUCAÇÃO,PROCESSO ELETRÔNICO DE DISPENSA - LEI 14.133/21,Item: 1,116636,0761.001.0008,"SERVICOS DE LOCACAO DE CONTAINER METALICO,DESCRIÇÃO: CONTRATACAO DE EMPRESA ESPECIALIZADA PARA PRESTACAO DE SERVICO DE LOCACAO DE CONTAINER METALICO, Unidade: SERVICO - ID:116636 - Código do Item:0761.001.0008",1,S
PD 06/26,FUNPERJ - FUNDO ESPECIAL DA PROCURADORIA GERAL DO ERJ,PROCESSO ELETRÔNICO DE DISPENSA - LEI 14.133/21,Item: 1,200102,7330.028.0043,"GARRAFA TERMICA (UTENSILIO CULINARIO),MODELO: TAMPA ROSQUEAVEL 2 EM 1 COM FUNCAO ADICIONAL DE CANECA, MATERIAL: ACO INOXIDAVEL 304 (18/8), LIVRE DE BPA, COR: AZUL ESCURO, CAPACIDADE: 500 ML, ACESSORIO: PERSONALIZADA LOGO, FORMA FORNECIMENTO: UNIDADE - ID:200102 - Código do Item:7330.028.0043",1500,S
PD 10/24,FUNPERJ - FUNDO ESPECIAL DA PROCURADORIA GERAL DO ERJ,PROCESSO ELETRÔNICO DE DISPENSA - LEI 14.133/21,Item: 1 Lote: 1,184393,9905.011.0005,"LETRAS,MATERIAL: ACO INOX, TAMANHO: 410 X 50 CM (L X A), ESPESSURA: 3 MM, FIXACAO: PINOS, FONTE: CAMBRIA REGULAR, FORMA FORNECIMENTO: UNIDADE - ID:184393 - Código do Item:9905.011.0005",1,S
PD 153/25,FSERJ - FUNDAÇÃO SAÚDE DO EST. DO RIO DE JANEIRO,PROCESSO ELETRÔNICO DE DISPENSA - LEI 14.133/21,Item: 1,145204,6453.001.0051,"MEDICAMENTO USO HUMANO,GRUPO FARMACOLOGICO: ANTIANEMICO, PRINCIPIO ATIVO: ACIDO FOLICO, FORMA FARMACEUTICA: SOLUCAO ORAL, CONCENTRACAO / DOSAGEM: 0,2, UNIDADE: MG/ML, VOLUME: 30 ML, APRESENTACAO: FRASCO, ACESSORIO: N/A, FORMA FORNECIMENTO: FRASCO - ID:145204 - Código do Item:6453.001.0051",2400,N
PD 153/25,FSERJ - FUNDAÇÃO SAÚDE DO EST. DO RIO DE JANEIRO,PROCESSO ELETRÔNICO DE DISPENSA - LEI 14.133/21,Item: 2,63155,6421.001.0043,"MEDICAMENTO USO HUMANO,GRUPO FARMACOLOGICO: ANTINEOPLASICOS, PRINCIPIO ATIVO: CITARABINA SEM CONSERVANTE, FORMA FARMACEUTICA: SOLUCAO INJETAVEL, CONCENTRACAO / DOSAGEM: 100, UNIDADE: MG/ML, VOLUME: N/D, APRESENTACAO: FRASCO-AMPOLA, ACESSORIO: N/A - ID:63155 - Código do Item:6421.001.0043",8640,N
PD 153/25,FSERJ - FUNDAÇÃO SAÚDE DO EST. DO RIO DE JANEIRO,PROCESSO ELETRÔNICO DE DISPENSA - LEI 14.133/21,Item: 3,61029,6424.001.0032,"MEDICAMENTO USO HUMANO,GRUPO FARMACOLOGICO: ANTINEOPLASICOS, PRINCIPIO ATIVO: NILOTINIBE, FORMA FARMACEUTICA: CAPSULA, CONCENTRACAO / DOSAGEM: 200, UNIDADE: MG, VOLUME: N/A, APRESENTACAO: N/A, ACESSORIO: N/A - ID:61029 - Código do Item:6424.001.0032",22848,N
PD 2483/26,FSERJ - FUNDAÇÃO SAÚDE DO EST. DO RIO DE JANEIRO,PROCESSO ELETRÔNICO DE DISPENSA - LEI 14.133/21,Item: 1,198349,6515.158.0095,"MARCADOR INSTRUMENTAL CIRURGICO,MODELO: AUTO ADESIVO, QUANTIDADE FOLHAS: 1 FL, COR: VERDE LIMAO LISO, APRESENTACAO POR FOLHA: 116 TIRAS 5 X 280MM E 18 TIRAS 5 X 60MM, FORMA FORNECIMENTO: UNIDADE - ID:198349 - Código do Item:6515.158.0095",4536,N
PD 2483/26,FSERJ - FUNDAÇÃO SAÚDE DO EST. DO RIO DE JANEIRO,PROCESSO ELETRÔNICO DE DISPENSA - LEI 14.133/21,Item: 2,198351,6515.158.0097,"MARCADOR INSTRUMENTAL CIRURGICO,MODELO: AUTO ADESIVO, QUANTIDADE FOLHAS: 1 FL, COR: CINZA ZEBRADO LISTRAS TRANSVERSAIS, APRESENTACAO POR FOLHA: 116 TIRAS 5 X 280MM E 18 TIRAS 5 X 60MM, FORMA FORNECIMENTO: UNIDADE - ID:198351 - Código do Item:6515.158.0097",4536,N
PD 2483/26,FSERJ - FUNDAÇÃO SAÚDE DO EST. DO RIO DE JANEIRO,PROCESSO ELETRÔNICO DE DISPENSA - LEI 14.133/21,Item: 3,198350,6515.158.0096,"MARCADOR INSTRUMENTAL CIRURGICO,MODELO: AUTO ADESIVO, QUANTIDADE FOLHAS: 1 FL, COR: AZUL ZEBRADO COM BRANCO, APRESENTACAO POR FOLHA: 116 TIRAS 5 X 280MM E 18 TIRAS 5 X 60MM, FORMA FORNECIMENTO: UNIDADE - ID:198350 - Código do Item:6515.158.0096",4536,N
PD 2483/26,FSERJ - FUNDAÇÃO SAÚDE DO EST. DO RIO DE JANEIRO,PROCESSO ELETRÔNICO DE DISPENSA - LEI 14.133/21,Item: 4,198352,6515.158.0098,"MARCADOR INSTRUMENTAL CIRURGICO,MODELO: AUTO ADESIVO, QUANTIDADE FOLHAS: 1 FL, COR: VERDE ESCURO LISO, APRESENTACAO POR FOLHA: 116 TIRAS 5 X 280MM E 18 TIRAS 5 X 60MM, FORMA FORNECIMENTO: UNIDADE - ID:198352 - Código do Item:6515.158.0098",4536,N
PD 2483/26,FSERJ - FUNDAÇÃO SAÚDE DO EST. DO RIO DE JANEIRO,PROCESSO ELETRÔNICO DE DISPENSA - LEI 14.133/21,Item: 5,198353,6515.158.0099,"MARCADOR INSTRUMENTAL CIRURGICO,MODELO: AUTO ADESIVO, QUANTIDADE FOLHAS: 1 FL, COR: BRANCO, APRESENTACAO POR FOLHA: 116 TIRAS 5 X 280MM E 18 TIRAS 5 X 60MM, FORMA FORNECIMENTO: UNIDADE - ID:198353 - Código do Item:6515.158.0099",4536,N
PD 2483/26,FSERJ - FUNDAÇÃO SAÚDE DO EST. DO RIO DE JANEIRO,PROCESSO ELETRÔNICO DE DISPENSA - LEI 14.133/21,Item: 6,198354,6515.158.0100,"MARCADOR INSTRUMENTAL CIRURGICO,MODELO: AUTO ADESIVO, QUANTIDADE FOLHAS: 1 FL, COR: AZUL CELESTE CLARO, APRESENTACAO POR FOLHA: 116 TIRAS 5 X 280MM E 18 TIRAS 5 X 60MM, FORMA FORNECIMENTO: UNIDADE - ID:198354 - Código do Item:6515.158.0100",4536,N
PD 2483/26,FSERJ - FUNDAÇÃO SAÚDE DO EST. DO RIO DE JANEIRO,PROCESSO ELETRÔNICO DE DISPENSA - LEI 14.133/21,Item: 7,198355,6515.158.0101,"MARCADOR INSTRUMENTAL CIRURGICO,MODELO: AUTO ADESIVO, QUANTIDADE FOLHAS: 1 FL, COR: CINZA, APRESENTACAO POR FOLHA: 116 TIRAS 5 X 280MM E 18 TIRAS 5 X 60MM, FORMA FORNECIMENTO: UNIDADE - ID:198355 - Código do Item:6515.158.0101",4536,N
PD 2483/26,FSERJ - FUNDAÇÃO SAÚDE DO EST. DO RIO DE JANEIRO,PROCESSO ELETRÔNICO DE DISPENSA - LEI 14.133/21,Item: 8,198356,6515.158.0102,"MARCADOR INSTRUMENTAL CIRURGICO,MODELO: AUTO ADESIVO, QUANTIDADE FOLHAS: 1 FL, COR: AZUL LISO, APRESENTACAO POR FOLHA: 116 TIRAS 5 X 280MM E 18 TIRAS 5 X 60MM, FORMA FORNECIMENTO: UNIDADE - ID:198356 - Código do Item:6515.158.0102",4536,N
PD 2483/26,FSERJ - FUNDAÇÃO SAÚDE DO EST. DO RIO DE JANEIRO,PROCESSO ELETRÔNICO DE DISPENSA - LEI 14.133/21,Item: 9,198357,6515.158.0103,"MARCADOR INSTRUMENTAL CIRURGICO,MODELO: AUTO ADESIVO, QUANTIDADE FOLHAS: 1 FL, COR: AZUL, APRESENTACAO POR FOLHA: 116 TIRAS 5 X 280MM E 18 TIRAS 5 X 60MM, FORMA FORNECIMENTO: UNIDADE - ID:198357 - Código do Item:6515.158.0103",4536,N
PD 2483/26,FSERJ - FUNDAÇÃO SAÚDE DO EST. DO RIO DE JANEIRO,PROCESSO ELETRÔNICO DE DISPENSA - LEI 14.133/21,Item: 10,198358,6515.158.0104,"MARCADOR INSTRUMENTAL CIRURGICO,MODELO: AUTO ADESIVO, QUANTIDADE FOLHAS: 1 FL, COR: ESTRELA BRANCA COM FUCHSIA, APRESENTACAO POR FOLHA: 116 TIRAS 5 X 280MM E 18 TIRAS 5 X 60MM, FORMA FORNECIMENTO: UNIDADE - ID:198358 - Código do Item:6515.158.0104",4536,N
PD 2483/26,FSERJ - FUNDAÇÃO SAÚDE DO EST. DO RIO DE JANEIRO,PROCESSO ELETRÔNICO DE DISPENSA - LEI 14.133/21,Item: 11,198359,6515.158.0105,"MARCADOR INSTRUMENTAL CIRURGICO,MODELO: AUTO ADESIVO, QUANTIDADE FOLHAS: 1 FL, COR: ESTRELA BRANCA COM VERDE ESMERALDA, APRESENTACAO POR FOLHA: 116 TIRAS 5 X 280MM E 18 TIRAS 5 X 60MM, FORMA FORNECIMENTO: UNIDADE - ID:198359 - Código do Item:6515.158.0105",4536,N
PD 3942/26,FSERJ - FUNDAÇÃO SAÚDE DO EST. DO RIO DE JANEIRO,PROCESSO ELETRÔNICO DE DISPENSA - LEI 14.133/21,Item: 1,134412,6810.386.0002,"TESTE DE SENSIBILIDADE,DESCRICAO: MICOBACTERIA TUBERCULOSE, APLICACAO: DETECCAO QUALITATIVA, ACESSORIOS: N/A, METODO: IMUNOCROMATOGRAFICO - ID:134412 - Código do Item:6810.386.0002",4100,S
PD 4258/26,FSERJ - FUNDAÇÃO SAÚDE DO EST. DO RIO DE JANEIRO,PROCESSO ELETRÔNICO DE DISPENSA - LEI 14.133/21,Item: 1,199054,6515.127.0967,"FIO DE SUTURA,TIPO: ABSORVIVEL, MATERIAL: POLIGLECAPRONE, CONSTRUCAO: N/A, NUMERO FIO: 3.0, COMPRIMENTO FIO: 90 CM, MODELO AGULHA: 1/2 CILINDRICA, TAMANHO AGULHA: 26MM, FORMA FORNECIMENTO: UNIDADE - ID:199054 - Código do Item:6515.127.0967",1728,N
PD 4333/26,FSERJ - FUNDAÇÃO SAÚDE DO EST. DO RIO DE JANEIRO,PROCESSO ELETRÔNICO DE DISPENSA - LEI 14.133/21,Item: 1,124364,6425.001.0045,"MEDICAMENTO USO HUMANO,GRUPO FARMACOLOGICO: ANTINEOPLASICOS, PRINCIPIO ATIVO: ETOPOSIDEO, FORMA FARMACEUTICA: SOLUCAO INJETAVEL, CONCENTRACAO / DOSAGEM: 100, UNIDADE: MG, VOLUME: 5ML, APRESENTACAO: FRASCO-AMPOLA, ACESSORIO: N/A - ID:124364 - Código do Item:6425.001.0045",2580,N
PD 4333/26,FSERJ - FUNDAÇÃO SAÚDE DO EST. DO RIO DE JANEIRO,PROCESSO ELETRÔNICO DE DISPENSA - LEI 14.133/21,Item: 2,17715,6457.001.0001,"MEDICAMENTO USO HUMANO,GRUPO FARMACOLOGICO: IMUNOESTIMULANTES, PRINCIPIO ATIVO: FILGRASTIM, FORMA FARMACEUTICA: SOLUCAO INJETAVEL, CONCENTRACAO / DOSAGEM: 300, UNIDADE: MCG, VOLUME: 1ML, APRESENTACAO: FRASCO-AMPOLA, ACESSORIO: NAO APLICAVEL - ID:17715 - Código do Item:6457.001.0001",20400,N
PD 4333/26,FSERJ - FUNDAÇÃO SAÚDE DO EST. DO RIO DE JANEIRO,PROCESSO ELETRÔNICO DE DISPENSA - LEI 14.133/21,Item: 3,17718,6424.001.0002,"MEDICAMENTO USO HUMANO,GRUPO FARMACOLOGICO: TERAPIA ADJUVANTE, PRINCIPIO ATIVO: FINASTERIDA, FORMA FARMACEUTICA: COMPRIMIDO, CONCENTRACAO / DOSAGEM: 5, UNIDADE: MG, VOLUME: NAO APLICAVEL, APRESENTACAO: NAO APLICAVEL, ACESSORIO: NAO APLICAVEL - ID:17718 - Código do Item:6424.001.0002",14400,N
PD 4333/26,FSERJ - FUNDAÇÃO SAÚDE DO EST. DO RIO DE JANEIRO,PROCESSO ELETRÔNICO DE DISPENSA - LEI 14.133/21,Item: 4,139855,6412.001.0027,"MEDICAMENTO USO HUMANO,GRUPO FARMACOLOGICO: ANTIDOTOS E ANTAGONISTAS, PRINCIPIO ATIVO: MERCAPTOETANO (MESNA), FORMA FARMACEUTICA: COMPRIMIDO, CONCENTRACAO / DOSAGEM: 400, UNIDADE: MG, VOLUME: N/A, APRESENTACAO: N/A, ACESSORIO: N/A, FORMA FORNECIMENTO: UNIDADE - ID:139855 - Código do Item:6412.001.0027",480,N
PD 4333/26,FSERJ - FUNDAÇÃO SAÚDE DO EST. DO RIO DE JANEIRO,PROCESSO ELETRÔNICO DE DISPENSA - LEI 14.133/21,Item: 5,18045,6481.001.0019,"MEDICAMENTO USO HUMANO,GRUPO FARMACOLOGICO: ANALGESICOS NARCOTICOS, PRINCIPIO ATIVO: MORFINA SULFATO, FORMA FARMACEUTICA: COMPRIMIDO, CONCENTRACAO / DOSAGEM: 30, UNIDADE: MG - ID:18045 - Código do Item:6481.001.0019",24000,N
PD 4341/26,FSERJ - FUNDAÇÃO SAÚDE DO EST. DO RIO DE JANEIRO,PROCESSO ELETRÔNICO DE DISPENSA - LEI 14.133/21,Item: 1,147584,6476.001.0101,"MEDICAMENTO USO HUMANO,GRUPO FARMACOLOGICO: ANTICONVULSIVANTES, PRINCIPIO ATIVO: LEVETIRACETAM, FORMA FARMACEUTICA: COMPRIMIDO REVESTIDO, CONCENTRACAO / DOSAGEM: 250, UNIDADE: MG, VOLUME: N/A, APRESENTACAO: N/A, ACESSORIO: N/A, FORMA FORNECIMENTO: UNIDADE - ID:147584 - Código do Item:6476.001.0101",24600,N
PD 4341/26,FSERJ - FUNDAÇÃO SAÚDE DO EST. DO RIO DE JANEIRO,PROCESSO ELETRÔNICO DE DISPENSA - LEI 14.133/21,Item: 2,18125,6428.001.0006,"MEDICAMENTO USO HUMANO,GRUPO FARMACOLOGICO: ANTIEMETICOS E PROCINETICOS, PRINCIPIO ATIVO: CLORIDRATO DE ONDANSETRONA, FORMA FARMACEUTICA: SOLUCAO INJETAVEL, CONCENTRACAO / DOSAGEM: 2, UNIDADE: MG/ML, VOLUME: 4ML, APRESENTACAO: AMPOLA, ACESSORIO: NAO APLICAVEL - ID:18125 - Código do Item:6428.001.0006",388620,N
PD 4341/26,FSERJ - FUNDAÇÃO SAÚDE DO EST. DO RIO DE JANEIRO,PROCESSO ELETRÔNICO DE DISPENSA - LEI 14.133/21,Item: 3,58382,6428.001.0020,"MEDICAMENTO USO HUMANO,GRUPO FARMACOLOGICO: ANTINEOPLASICOS, PRINCIPIO ATIVO: ONDANSETRONA CLORIDRATO, FORMA FARMACEUTICA: COMPRIMIDO, CONCENTRACAO / DOSAGEM: 8, UNIDADE: MG, VOLUME: N/A, APRESENTACAO: N/A, ACESSORIO: N/A - ID:58382 - Código do Item:6428.001.0020",207600,N
PD 4341/26,FSERJ - FUNDAÇÃO SAÚDE DO EST. DO RIO DE JANEIRO,PROCESSO ELETRÔNICO DE DISPENSA - LEI 14.133/21,Item: 4,187386,6850.045.0036,"SOLUCAO ESTERILIZANTE,AGENTE ESTERILIZANTE: ORTOFTALALDEIDO + FITA TESTE ORTOFTALALDEIDO + GLICINA (BASE LIVRE NEUTRALIZADORA), CONCENTRACAO: 0,55%, APRESENTACAO: 5 LITROS + 40 FITAS + 33 GRAMAS, FORMA FORNECIMENTO: KIT - ID:187386 - Código do Item:6850.045.0036",1320,N
PD 4422/26,FSERJ - FUNDAÇÃO SAÚDE DO EST. DO RIO DE JANEIRO,PROCESSO ELETRÔNICO DE DISPENSA - LEI 14.133/21,Item: 1,177028,6419.001.0022,"MEDICAMENTO USO HUMANO,GRUPO FARMACOLOGICO: ANTINEOPLASICOS, PRINCIPIO ATIVO: DOCETAXEL, FORMA FARMACEUTICA: SOLUCAO INJETAVEL, CONCENTRACAO / DOSAGEM: 20, UNIDADE: MG/ML, VOLUME: 4 ML, APRESENTACAO: FRASCO-AMPOLA, ACESSORIO: DILUENTE 4 ML, FORMA FORNECIMENTO: UNIDADE - ID:177028 - Código do Item:6419.001.0022",3600,N
PD 4422/26,FSERJ - FUNDAÇÃO SAÚDE DO EST. DO RIO DE JANEIRO,PROCESSO ELETRÔNICO DE DISPENSA - LEI 14.133/21,Item: 2,17093,6412.001.0003,"MEDICAMENTO USO HUMANO,GRUPO FARMACOLOGICO: ANTIANEMICOS, PRINCIPIO ATIVO: ACIDO FOLINICO, FORMA FARMACEUTICA: PO LIOFILO INJETAVEL, CONCENTRACAO / DOSAGEM: 50 MG, APRESENTACAO: FRASCO AMPOLA - ID:17093 - Código do Item:6412.001.0003",6960,N
PD 4422/26,FSERJ - FUNDAÇÃO SAÚDE DO EST. DO RIO DE JANEIRO,PROCESSO ELETRÔNICO DE DISPENSA - LEI 14.133/21,Item: 3,17747,6424.001.0011,"MEDICAMENTO USO HUMANO,GRUPO FARMACOLOGICO: ANTINEOPLASICOS, PRINCIPIO ATIVO: FULVESTRANTO, FORMA FARMACEUTICA: SOLUCAO INJETAVEL, CONCENTRACAO / DOSAGEM: 50, UNIDADE: MG/ML, VOLUME: 5ML, APRESENTACAO: SERINGA PREENCHIDA, ACESSORIO: NAO APLICAVEL - ID:17747 - Código do Item:6424.001.0011",600,N
PD 4422/26,FSERJ - FUNDAÇÃO SAÚDE DO EST. DO RIO DE JANEIRO,PROCESSO ELETRÔNICO DE DISPENSA - LEI 14.133/21,Item: 4,17830,6420.001.0012,"MEDICAMENTO USO HUMANO,GRUPO FARMACOLOGICO: ANTINEOPLASICOS, PRINCIPIO ATIVO: IFOSFAMIDA, FORMA FARMACEUTICA: PO LIOFILO INJETAVEL, CONCENTRACAO / DOSAGEM: 1, UNIDADE: G, VOLUME: NAO APLICAVEL, APRESENTACAO: FRASCO-AMPOLA, ACESSORIO: NAO APLICAVEL - ID:17830 - Código do Item:6420.001.0012",2400,N
PD 4422/26,FSERJ - FUNDAÇÃO SAÚDE DO EST. DO RIO DE JANEIRO,PROCESSO ELETRÔNICO DE DISPENSA - LEI 14.133/21,Item: 5,18477,6419.001.0004,"MEDICAMENTO USO HUMANO,GRUPO FARMACOLOGICO: ANTINEOPLASICOS, PRINCIPIO ATIVO: SULFATO DE VIMBLASTINA, FORMA FARMACEUTICA: PO LIOFILO INJETAVEL, CONCENTRACAO / DOSAGEM: 10, UNIDADE: MG, VOLUME: NAO APLICAVEL, APRESENTACAO: FRASCO-AMPOLA, ACESSORIO: NAO APLICAVEL - ID:18477 - Código do Item:6419.001.0004",1500,N
PD 720/26,FSERJ - FUNDAÇÃO SAÚDE DO EST. DO RIO DE JANEIRO,PROCESSO ELETRÔNICO DE DISPENSA - LEI 14.133/21,Item: 1,153101,6447.001.0248,"MEDICAMENTO USO HUMANO,GRUPO FARMACOLOGICO: VITAMINAS E SUBSTANCIAS MINERAIS, PRINCIPIO ATIVO: COLECALCIFEROL, FORMA FARMACEUTICA: CAPSULA, CONCENTRACAO / DOSAGEM: 50000, UNIDADE: UI, VOLUME: N/A, APRESENTACAO: N/A, ACESSORIO: N/A, FORMA FORNECIMENTO: UNIDADE - ID:153101 - Código do Item:6447.001.0248",6000,N
PD 720/26,FSERJ - FUNDAÇÃO SAÚDE DO EST. DO RIO DE JANEIRO,PROCESSO ELETRÔNICO DE DISPENSA - LEI 14.133/21,Item: 2,58343,6409.001.0013,"MEDICAMENTO USO HUMANO,GRUPO FARMACOLOGICO: HIPOGLICEMIANTES, PRINCIPIO ATIVO: GLUCAGON, FORMA FARMACEUTICA: INJETAVEL, CONCENTRACAO / DOSAGEM: 1, UNIDADE: MG/UI, VOLUME: N/D, APRESENTACAO: FRASCO, ACESSORIO: ACOMPANHA SERINGA DILUENTE - ID:58343 - Código do Item:6409.001.0013",156,N
PD 720/26,FSERJ - FUNDAÇÃO SAÚDE DO EST. DO RIO DE JANEIRO,PROCESSO ELETRÔNICO DE DISPENSA - LEI 14.133/21,Item: 3,52590,6406.001.0009,"MEDICAMENTO USO HUMANO,GRUPO FARMACOLOGICO: HORMONIOS TIROIDIANOS E INIBIDORES DA FUNCAO TIROIDIANA, PRINCIPIO ATIVO: LEVOTIROXINA SODICA, FORMA FARMACEUTICA: COMPRIMIDO, CONCENTRACAO / DOSAGEM: 112, UNIDADE: MCG, VOLUME: NAO APLICAVEL, APRESENTACAO: NAO APLICAVEL, ACESSORIO: NAO APLICAVEL - ID:52590 - Código do Item:6406.001.0009",50400,N
PD 720/26,FSERJ - FUNDAÇÃO SAÚDE DO EST. DO RIO DE JANEIRO,PROCESSO ELETRÔNICO DE DISPENSA - LEI 14.133/21,Item: 4,108155,6406.001.0020,"MEDICAMENTO USO HUMANO,GRUPO FARMACOLOGICO: HORMONIOS TIREOIDIANOS E INIBIDORES DA FUNCAO TIREOIDIANA, PRINCIPIO ATIVO: LEVOTIROXINA SODICA, FORMA FARMACEUTICA: COMPRIMIDO, CONCENTRACAO / DOSAGEM: 38, UNIDADE: MCG, VOLUME: N/A, APRESENTACAO: N/A, ACESSORIO: N/A - ID:108155 - Código do Item:6406.001.0020",6000,N
PD 720/26,FSERJ - FUNDAÇÃO SAÚDE DO EST. DO RIO DE JANEIRO,PROCESSO ELETRÔNICO DE DISPENSA - LEI 14.133/21,Item: 5,178696,6408.001.0086,"MEDICAMENTO USO HUMANO,GRUPO FARMACOLOGICO: HIPOGLICEMIANTES, PRINCIPIO ATIVO: LIRAGLUTIDA, FORMA FARMACEUTICA: SOLUCAO PARA APLICACAO SUBCUTANEA, CONCENTRACAO / DOSAGEM: 6, UNIDADE: MG/ML, VOLUME: 3ML, APRESENTACAO: SISTEMA DE APLICACAO PRE PREENCHIDO, ACESSORIO: N/A, FORMA FORNECIMENTO: UNIDADE - ID:178696 - Código do Item:6408.001.0086",12480,N
PD MADEIRA DOC I,DER-RJ - FUND DEP ESTRADAS DE RODAGEM DO ESTADO DO RJ,PROCESSO ELETRÔNICO DE DISPENSA - LEI 14.133/21,Item: 1 Lote: 1,12928,5510.007.0019,"PRANCHAO MADEIRA,MATERIAL: PARAJU, ACABAMENTO: N/A, TRATAMENTO: N/A, DIMENSAO (L X E): 25,0 X 8,0 CM - ID:12928 - Código do Item:5510.007.0019",60,S
PD MADEIRA DOC I,DER-RJ - FUND DEP ESTRADAS DE RODAGEM DO ESTADO DO RJ,PROCESSO ELETRÔNICO DE DISPENSA - LEI 14.133/21,Item: 2 Lote: 1,166980,5510.012.0061,"TABUA MADEIRA,TIPO MADEIRA: PASSADEIRA DE EUCALIPTO, ACABAMENTO: APARELHADA, DIMENSAO (L X E): 30 CM X 5 CM, COMPRIMENTO: 5,00 M, FORMA FORNECIMENTO: PECA - ID:166980 - Código do Item:5510.012.0061",16,S
PD MADEIRA DOC II,DER-RJ - FUND DEP ESTRADAS DE RODAGEM DO ESTADO DO RJ,PROCESSO ELETRÔNICO DE DISPENSA - LEI 14.133/21,Item: 1 Lote: 1,12928,5510.007.0019,"PRANCHAO MADEIRA,MATERIAL: PARAJU, ACABAMENTO: N/A, TRATAMENTO: N/A, DIMENSAO (L X E): 25,0 X 8,0 CM - ID:12928 - Código do Item:5510.007.0019",60,S
PD MADEIRA DOC II,DER-RJ - FUND DEP ESTRADAS DE RODAGEM DO ESTADO DO RJ,PROCESSO ELETRÔNICO DE DISPENSA - LEI 14.133/21,Item: 2 Lote: 1,166980,5510.012.0061,"TABUA MADEIRA,TIPO MADEIRA: PASSADEIRA DE EUCALIPTO, ACABAMENTO: APARELHADA, DIMENSAO (L X E): 30 CM X 5 CM, COMPRIMENTO: 5,00 M, FORMA FORNECIMENTO: PECA - ID:166980 - Código do Item:5510.012.0061",16,S
PD MADEIRA DOC III,DER-RJ - FUND DEP ESTRADAS DE RODAGEM DO ESTADO DO RJ,PROCESSO ELETRÔNICO DE DISPENSA - LEI 14.133/21,Item: 1 Lote: 1,12928,5510.007.0019,"PRANCHAO MADEIRA,MATERIAL: PARAJU, ACABAMENTO: N/A, TRATAMENTO: N/A, DIMENSAO (L X E): 25,0 X 8,0 CM - ID:12928 - Código do Item:5510.007.0019",60,S
PD MADEIRA DOC III,DER-RJ - FUND DEP ESTRADAS DE RODAGEM DO ESTADO DO RJ,PROCESSO ELETRÔNICO DE DISPENSA - LEI 14.133/21,Item: 2 Lote: 1,166980,5510.012.0061,"TABUA MADEIRA,TIPO MADEIRA: PASSADEIRA DE EUCALIPTO, ACABAMENTO: APARELHADA, DIMENSAO (L X E): 30 CM X 5 CM, COMPRIMENTO: 5,00 M, FORMA FORNECIMENTO: PECA - ID:166980 - Código do Item:5510.012.0061",16,S
PD Manutenção de Raio-X,DER-RJ - FUND DEP ESTRADAS DE RODAGEM DO ESTADO DO RJ,PROCESSO ELETRÔNICO DE DISPENSA - LEI 14.133/21,Item: 1 Lote: 1,64990,0100.017.0002,"SERVICOS DE MANUTENCAO DE EQUIPAMENTOS DE RAIO-X,DESCRIÇÃO: CONTRATACAO DE EMPRESA ESPECIALIZADA NA PRESTACAO DE SERVICOS DE MANUTENCAO PREVENTIVA E CORRETIVA, COM REPOSICAO DE PECAS, EM APARELHOS DE RAIO X - ID:64990 - Código do Item:0100.017.0002",1,S
PD Placa,DER-RJ - FUND DEP ESTRADAS DE RODAGEM DO ESTADO DO RJ,PROCESSO ELETRÔNICO DE DISPENSA - LEI 14.133/21,Item: 1 Lote: 1,96157,0231.005.0003,"SERVICOS DE PLACA DE IDENTIFICACAO VISUAL,DESCRICAO: CONTRATACAO DE EMPRESA ESPECIALIZADA NA CONFECCAO DE PLACA DE IDENTIFICACAO VISUAL, CONFORME TERMO DE REFERENCIA - ID:96157 - Código do Item:0231.005.0003",1,S
PD SEI-080001/000782/2025,FES - FUNDO ESTADUAL DE SAÚDE,PROCESSO ELETRÔNICO DE DISPENSA - LEI 14.133/21,Item: 1,54090,0119.001.0135,"SERVICOS DE IMPRESSAO DIGITAL, SERIGRAFIA, LITOGRAFIA, PLANOGRAFICA E TRATAMENTO DE IMAGENS,DESCRICAO: Confecção de impressos, folhetos, envelopes, etiquetas, folders, cartões, timbres etc. - ID:54090 - Código do Item:0119.001.0135",1,S
PD SEI-080001/000782/2025,FES - FUNDO ESTADUAL DE SAÚDE,PROCESSO ELETRÔNICO DE DISPENSA - LEI 14.133/21,Item: 2,119212,0781.003.0003,"SERVICO DE CONFECCAO DE CRACHA,DESCRICAO: CONTRATACAO DE EMPRESA ESPECIALIZADA  NA CONFECCAO DE CRACHA ,CORDAO PERSONALIZADO - ID:119212 - Código do Item:0781.003.0003",1,S
PD SEI-080001/021811/2024,FES - FUNDO ESTADUAL DE SAÚDE,PROCESSO ELETRÔNICO DE DISPENSA - LEI 14.133/21,Item: 1,116356,0589.001.0013,"SERVICOS DE MANUTENCAO E CONSERVACAO DE ELEVADORES,DESCRIÇÃO: CONTRATACAO DE EMPRESA ESPECIALIZADA EM SERVICO DE MANUTENCAO PREVENTIVA E CORRETIVA DE ELEVADOR, COM FORNECIMENTO DE MATERIAIS, PECAS, ACESSORIOS E COMPONENTES - ID:116356 - Código do Item:0589.001.0013",12,N
PD SEI-080001/026270/2025,FES - FUNDO ESTADUAL DE SAÚDE,PROCESSO ELETRÔNICO DE DISPENSA - LEI 14.133/21,Item: 1 Lote: 1,113014,6451.001.0052,"MEDICAMENTO USO HUMANO,GRUPO FARMACOLOGICO: OFTALMOLOGICOS, PRINCIPIO ATIVO: CLORIDRATO DE DORZOLAMIDA, FORMA FARMACEUTICA: SOLUCAO OFTALMICA, CONCENTRACAO / DOSAGEM: 20, UNIDADE: MG/ML, VOLUME: 5 ML, APRESENTACAO: FRASCO, ACESSORIO: N/A - ID:113014 - Código do Item:6451.001.0052",7353,N
PD USINA DE ARARUAMA,DER-RJ - FUND DEP ESTRADAS DE RODAGEM DO ESTADO DO RJ,PROCESSO ELETRÔNICO DE DISPENSA - LEI 14.133/21,Item: 1,135160,0365.007.0001,"SERVICOS DE INSTALACAO E COMISSIONAMENTO,APLICACAO: ESTRUTURAS FLUTUANTES, ORIGEM: PESSOA JURIDICA, FORMA FORNECIMENTO: VIGENCIA CONTRATO - ID:135160 - Código do Item:0365.007.0001",1,N
PD-006/26 R1,FUNESBOM - FUNDO ESPECIAL DO CORPO DE BOMBEIROS,PROCESSO ELETRÔNICO DE DISPENSA - LEI 14.133/21,Item: 1 Lote: 1,198241,6518.002.0023,"APARELHO ANESTESIA,COMPOSICAO: MISTURADOR OXIGENIO E OXIDO NITROSO, ESTRUTURA: SUPORTE MOVEL COM RODIZIO PARA CILINDROS DE 10 LITROS DE O2 E N2O, COMPONENTE BLOCO FLUXOMETRO COM BOTOES FLUXO E MISTURA, COMPONENTE I: BOLSA  RESERVATORIA 3L. COMPONENTE II: CONJUNTO COMPLETO COM MANGUEIRAS, COMPONENTE III: CILINDRO DE 10 LITROS DE O2 COM REGULADOR DE PRESSAO E CILINDRO DE 10 LITROS DE N2O COM REGULADOR DE PRESSAO, APLICACAO: ANALGESIA INALATORIA, FORMA FORNECIMENTO: UNIDADE - ID:198241 - Código do Item:6518.002.0023",3,N
PD-006/26 R1,FUNESBOM - FUNDO ESPECIAL DO CORPO DE BOMBEIROS,PROCESSO ELETRÔNICO DE DISPENSA - LEI 14.133/21,Item: 2 Lote: 1,198135,8120.002.0051,"CILINDRO GAS,TIPO GAS: OXIGENIO MEDICINAL, APLICACAO: SISTEMA DE SUPORTE A VIDA, CAPACIDADE: 10 LITROS, ACESSORIOS: VALVULA, MATERIAL: ACO, FORMA FORNECIMENTO: UNIDADE - ID:198135 - Código do Item:8120.002.0051",3,N
PD-006/26 R1,FUNESBOM - FUNDO ESPECIAL DO CORPO DE BOMBEIROS,PROCESSO ELETRÔNICO DE DISPENSA - LEI 14.133/21,Item: 3 Lote: 1,198136,8120.002.0052,"CILINDRO GAS,TIPO GAS: OXIDO NITROSO, APLICACAO: SISTEMA DE SUPORTE A VIDA, CAPACIDADE: 10 LITROS, ACESSORIOS: VALVULA, MATERIAL: ACO, FORMA FORNECIMENTO: UNIDADE - ID:198136 - Código do Item:8120.002.0052",3,N
PD0001/26,UERJ - ADMINISTRACAO CENTRAL,PROCESSO ELETRÔNICO DE DISPENSA - LEI 14.133/21,Item: 1,122262,6625.024.0007,"GERADOR FUNCAO,TIPO: PORTATIL, MODELO: DIGITAL, DISPLAY: LED 8 DIGITOS COM LEITURA DECIMAL, NUMERO DIGITOS: 5 DIGITOS, FORMA ONDA: QUADRADA, FAIXA FREQUENCIA: 1 HZ E 10 MHZ, CLASSE PRECISAO: ERRO DA BASE DE TEMPO + ERRO DO TRIGGER ( MENOR QUE ± 0,5% ), TENSAO ALIMENTACAO: 110V / 220V ± 10% 50 HZ/ 60/HZ +/- 5%, IMPEDANCIA SAIDA: 50 Ohm ± 10%, ATENUACAO: 20 dB E 40 dB, DIMENSAO: 90 X 255 X 255 mm, ACESSORIOS: CABOS DE ALIMENTACAO E CONEXAO BNC, CARACTERISTICAS ESPECIAIS: POTENCIA CONSUMO 15W - ID:122262 - Código do Item:6625.024.0007",1,N
PD0006/26 R1,UERJ - ADMINISTRACAO CENTRAL,PROCESSO ELETRÔNICO DE DISPENSA - LEI 14.133/21,Item: 1,194926,5965.012.0008,"GRAVADOR DE AUDIO E VIDEO,MEMORIA: 2 DISCOS SATA III DE 16TB, FORMATO DE CAMERA: CAMERA IP, FORMATO DE IMAGEM: FULL HD 2MP com IR, FORMATO DE VIDEO: 16 CANAIS 1080 P 30 FPS, BATERIA: N/A, FORMATO CORPO: N/A, INFORMACAO COMPLEMENTAR: 16 PORTAS RJ45 ETHERNET 100 MBPS, FORMA FORNECIMENTO: UNIDADE - ID:194926 - Código do Item:5965.012.0008",1,N
PD0006/26 R1,UERJ - ADMINISTRACAO CENTRAL,PROCESSO ELETRÔNICO DE DISPENSA - LEI 14.133/21,Item: 2,194927,7055.013.0004,"CAMERA IP,RESOLUCAO: FULL HD 1080P 2MP, SENSOR: ESCANEAMENTO PROGRESSIVO, INTERFACE: 01 PORTA ETHERNET AUTO ADAPTATIVA RJ45, MICROFONE: N/A, PROTOCOLO: TCP/IP, ZOOM: 2,8 MM, FOV HORIZONTAL 94, FOV VERTICAL 51°, FOV DIAGONAL 112, ALIMENTACAO: POE, SISTEMA OPERACIONAL: N/A, FORMA FORNECIMENTO: UNIDADE - ID:194927 - Código do Item:7055.013.0004",9,N
PD0006/26 R1,UERJ - ADMINISTRACAO CENTRAL,PROCESSO ELETRÔNICO DE DISPENSA - LEI 14.133/21,Item: 3,195299,5975.016.0090,"CAIXA ELETRICA PASSAGEM,MODELO: CFTV, MATERIAL: PLASTICO PVC, ACABAMENTO: BRANCO, GRAU PROTECAO: IP 66, FECHAMENTO: PARAFUSO, ENTRADA LATERAL: NAO APLICAVEL, ENTRADA FUNDO: NAO APLICAVEL, FUNDO: MOVEL, DIMENSAO (L X H X P): 102 X 101 X 53 MM, COR TAMPA: BRANCO, MODELO TAMPA: PLASTICO PVC, FORMA FORNECIMENTO: UNIDADE - ID:195299 - Código do Item:5975.016.0090",9,N
PD0006/26 R1,UERJ - ADMINISTRACAO CENTRAL,PROCESSO ELETRÔNICO DE DISPENSA - LEI 14.133/21,Item: 4,194928,5975.025.0079,"ELETRODUTO NAO METALICO,TIPO: ESPIRAL, MATERIAL: METAL, CLASSE: N/A, EXTREMIDADE: N/A, BITOLA: 1/2, COR: PRETO, NORMA: N/A, ACESSORIO: N/A, CARACTERISTICAS ADICIONAIS: SEALTUBE, FORMA FORNECIMENTO: UNIDADE - ID:194928 - Código do Item:5975.025.0079",1,N
PD0006/26 R1,UERJ - ADMINISTRACAO CENTRAL,PROCESSO ELETRÔNICO DE DISPENSA - LEI 14.133/21,Item: 5,195061,5935.027.0008,"CONECTOR ELETRICO,TIPO: SEALTUBO, TENSAO NOMINAL: 110/220 V, CORRENTE NOMINAL: 0.2 A, NUMERO E BITOLA DOS FIOS: 1/2``, FORMA FORNECIMENTO: PAR - ID:195061 - Código do Item:5935.027.0008",20,N
PD0006/26 R1,UERJ - ADMINISTRACAO CENTRAL,PROCESSO ELETRÔNICO DE DISPENSA - LEI 14.133/21,Item: 6,83260,5897.033.0022,"CONECTOR RJ (TELEFONIA E REDE),MODELO: RJ45, QUANTIDADE TERMINAL: unitario, TIPO CONEXAO: MACHO, ACESSORIO: Cat. 06 - ID:83260 - Código do Item:5897.033.0022",30,N
PD0006/26 R1,UERJ - ADMINISTRACAO CENTRAL,PROCESSO ELETRÔNICO DE DISPENSA - LEI 14.133/21,Item: 7,195112,5975.001.0042,"ABRACADEIRA NAO METALICA AMARRACAO,MODELO: SIMPLES, MATERIAL: CLORETO POLIVINILA, DIAMETRO AMARRACAO: 1/2``, TENSAO MINIMA RUPTURA: N/A, COR: CINZA, COMPRIMENTO NOMINAL: 25 MM, LARGURA: 20 MM, REFERÊNCIA: ABC 10-CZ, MARCA: N/A, FORMA FORNECIMENTO: UNIDADE - ID:195112 - Código do Item:5975.001.0042",30,N
PD0006/26 R1,UERJ - ADMINISTRACAO CENTRAL,PROCESSO ELETRÔNICO DE DISPENSA - LEI 14.133/21,Item: 8,157562,5305.011.0002,"PARAFUSOS, KIT,APLICACAO: PARAFUSO MAQUINA, COMPOSICAO: PARAFUSO COM FENDA PHILIPS E EXTREMIDADE CHATA, 6,3 X 25,4 MM, PORCA E ARRUELA, FORMA FORNECIMENTO: CAIXA 30 UNIDADES - ID:157562 - Código do Item:5305.011.0002",30,N
PD0006/26 R1,UERJ - ADMINISTRACAO CENTRAL,PROCESSO ELETRÔNICO DE DISPENSA - LEI 14.133/21,Item: 9,195145,5305.001.0043,"BUCHA FIXACAO ALVENARIA,MATERIAL: POLIAMIDA (NYLON), MODELO: AUTO ATARRAXANTE 6MM, FORMA FORNECIMENTO: UNIDADE - ID:195145 - Código do Item:5305.001.0043",10,N
PD0006/26 R1,UERJ - ADMINISTRACAO CENTRAL,PROCESSO ELETRÔNICO DE DISPENSA - LEI 14.133/21,Item: 10,194963,5305.010.0009,"BUCHA FIXACAO GESSO,TIPO: AUTOBROCANTE, MATERIAL: ACO, TAMANHO: 35 MM, PARAFUSO: COM PARAFUSO, FORMA FORNECIMENTO: UNIDADE - ID:194963 - Código do Item:5305.010.0009",10,N
PD0007/26 R1,UERJ - ADMINISTRACAO CENTRAL,PROCESSO ELETRÔNICO DE DISPENSA - LEI 14.133/21,Item: 1,152086,7010.033.0041,"SERVIDOR BANCO DE DADOS,PLACA MAE: COMPATIVEL COM DOIS PROCESSADORES DE SEIS NUCLEOS, PROCESSADOR: DOIS PROCESSADORES DE SEIS NUCLEOS, MEMORIA: 64 GB, GABINETE: RACK 2U, HD: 2 X 600GB, FONTE: BIVOLT, GRAVADOR DE DVD: DVD/RW, FORMA FORNECIMENTO: UNIDADE - ID:152086 - Código do Item:7010.033.0041",1,N
PD0010/25,UERJ - ADMINISTRACAO CENTRAL,PROCESSO ELETRÔNICO DE DISPENSA - LEI 14.133/21,Item: 1,183798,8105.003.0038,"SACOLA,MATERIAL: 100% ALGODAO CRU, TIPO: ECOLOGICAS, MODELO: ECOBAG, COR: N/A, ESPESSURA: GRAMATURA 360, LARGURA: 35 CM, ALTURA: 40 CM, PERSONALIZACAO: COM ESTAMPA, BASE: N/A, FORMA FORNECIMENTO: UNIDADE - ID:183798 - Código do Item:8105.003.0038",350,N
PD0010/25,UERJ - ADMINISTRACAO CENTRAL,PROCESSO ELETRÔNICO DE DISPENSA - LEI 14.133/21,Item: 2,49802,0542.009.0001,"CAMISA,DESCRIÇÃO: CONTRATACAO DE EMPRESA PARA CONFECCAO DE CAMISA - ID:49802 - Código do Item:0542.009.0001",25,N
PD0010/25,UERJ - ADMINISTRACAO CENTRAL,PROCESSO ELETRÔNICO DE DISPENSA - LEI 14.133/21,Item: 3,97136,0542.009.0002,"CAMISA,DESCRIÇÃO: CONTRATACAO DE SERVICO ESPECIALIZADO EM CONFECCAO DE CAMISAS PARA DIVULGACAO DE CAMPANHA - ID:97136 - Código do Item:0542.009.0002",25,N
PD0010/25,UERJ - ADMINISTRACAO CENTRAL,PROCESSO ELETRÔNICO DE DISPENSA - LEI 14.133/21,Item: 4,190454,8415.027.0005,"BANDANA,MATERIAL: POLIESTER, CETIM, FORMATO: TRIANGULAR, COR: N/A, LOGOTIPO: PERSONALIZADO IMPRESSAO DIGITAL, TAMANHO: 90 X 40 CM, FORMA FORNECIMENTO: UNIDADE - ID:190454 - Código do Item:8415.027.0005",400,N
PD0010/25,UERJ - ADMINISTRACAO CENTRAL,PROCESSO ELETRÔNICO DE DISPENSA - LEI 14.133/21,Item: 5,190469,8345.001.0206,"BANDEIRA,TIPO: BANDEIRA COMO LOGO DO EVENTO, MATERIAL: MICROFIBRA PELETIZADA DE ALTA QUALIDADE 100% POLIESTER, MODELO: FIOS DE GRANDE RESISTENCIA, DESCRICAO: ALTO BRILHO, DIMENSAO (L X C): 1,50 M X 1,30 M, MATERIAL HASTE: N/A, COMPRIMENTO HASTE: N/A, FORMA FORNECIMENTO: UNIDADE, COR / ESTAMPA: PERSONALIZADA - ID:190469 - Código do Item:8345.001.0206",20,N
PD0010/26,UERJ - ADMINISTRACAO CENTRAL,PROCESSO ELETRÔNICO DE DISPENSA - LEI 14.133/21,Item: 1,191469,7110.004.0881,"CADEIRA ,TIPO: PRESIDENTE, BASE: GIRATORIA - RODIZIO, AJUSTE ALTURA ASSENTO: REGULAVEL POR SISTEMA PNEUMATICO (A GAS), RECLINACAO: AJUSTAVEL, MATERIAL ESTRUTURA: ACO, BRACO: REGULAVEL, ENCOSTO: ESPALDAR ALTO, EM TELA, APOIO LOMBAR REGULAVEL, AJUSTE DE TENSAO COM REGULAGEM AUTOMATICA, REVESTIMENTO ASSENTO-ENCOSTO: ASSENTO COM ESPUMA INJETADA DE ALTA QUALIDADE E ENCOSTO DE TELA MESH, COR:  PRETO, PORTA LIVRO: N/A, PRANCHETA: N/A, FORMA FORNECIMENTO: UNIDADE - ID:191469 - Código do Item:7110.004.0881",4,N
PD0010/26,UERJ - ADMINISTRACAO CENTRAL,PROCESSO ELETRÔNICO DE DISPENSA - LEI 14.133/21,Item: 2,176155,7110.004.0784,"CADEIRA ,TIPO: SECRETARIA, BASE: FIXA COM 4 PES, AJUSTE ALTURA ASSENTO: AJUSTE ALTURA ASSENTO FIXA POR DOIS GARFOS EM ACO COM PINTURA EPOXI PRETA, RECLINACAO: SEM RECLINACAO, MATERIAL ESTRUTURA: ESTRUTURA EM ACO COM PINTURA EPOXI COR PRETA, BRACO: SEM BRACO, ENCOSTO: ENCOSTO FIXO ESTOFADO COM ESPUMA INJETADA DE ALTA DENSIDADE REVESTIDA EM COURVIN, REVESTIMENTO ASSENTO-ENCOSTO: ASSENTO EM ESPUMA INJETADA DE ALTA DENSIDADE REVESTIDA EM COURVIN, COR: PRETO, PORTA LIVRO: SEM PORTA LIVRO, PRANCHETA: SEM PORTA PRANCHETA, FORMA FORNECIMENTO: UNIDADE - ID:176155 - Código do Item:7110.004.0784",20,N
PD0010/26,UERJ - ADMINISTRACAO CENTRAL,PROCESSO ELETRÔNICO DE DISPENSA - LEI 14.133/21,Item: 3,189580,7110.004.0851,"CADEIRA ,TIPO: DIRETOR, BASE: GIRATORIA EM ALUMINIO, AJUSTE ALTURA ASSENTO: PISTAO A GAS CLASSE 3 BIFMA, RECLINACAO: CORRETOR DE POSTURA COM AJUSTE DE PROFUNDIDADE E ALTURA, MATERIAL ESTRUTURA: TELA MESH, ASSENTO COM ESPUMA DE ALTA DENSIDADE, BRACO: SOFT ERGO COM REGULAGEM DE ALTURA, ENCOSTO: SIM, COM APOIO DE CABECA AJUSTAVEL, REVESTIMENTO ASSENTO-ENCOSTO: TELA MESH, COR: PRETO, PORTA LIVRO: NAO, PRANCHETA: NAO, FORMA FORNECIMENTO: UNIDADE - ID:189580 - Código do Item:7110.004.0851",12,N
PD0010/26,UERJ - ADMINISTRACAO CENTRAL,PROCESSO ELETRÔNICO DE DISPENSA - LEI 14.133/21,Item: 4,163612,7110.004.0733,"CADEIRA ,TIPO: PROGRAMADOR ERGONOMICA, BASE: GIRATORIA - RODIZIO, AJUSTE ALTURA ASSENTO: GAS, RECLINACAO: REGULAVEL, MATERIAL ESTRUTURA: ACO, BRACO: AJUSTE 4D, ENCOSTO: ALTO, RECLINAVEL, MOLDADO ANATOMICAMENTE COM CURVATURA LOMBAR E ARTICULADO, ALMOFADAS PARA LOMBAR E PESCOCO, REVESTIMENTO ASSENTO-ENCOSTO: COURO SINTETICO, COR: PRETO, PORTA LIVRO: SEM, PRANCHETA: SEM, FORMA FORNECIMENTO: UNIDADE - ID:163612 - Código do Item:7110.004.0733",12,N
PD0010/26,UERJ - ADMINISTRACAO CENTRAL,PROCESSO ELETRÔNICO DE DISPENSA - LEI 14.133/21,Item: 5,196723,7110.009.1265,"MESA ESCRITORIO,MATERIAL: MESA TIPO PLATAFORMA DUPLA, DOIS TAMPOS EM MDP 30MM, PES LATERAIS EM TUBO SUPERIOR EM ACO, CALHA PARA PASSAGEM DE FIACAO EM ACO, REVESTIMENTO: MELAMINICO BP EM AMBAS AS FACES, ACABAMENTO PVC 1 MM, MATERIAL ESTRUTURA: TAMPO EM MDP 30 MM COM ESTRUTURA DE PES E PAINEIS ENGROSSADOS, SAPATAS NIVELADORAS AJUSTAVEIS E REVESTIMENTO BP NAS DUAS FACES, COR FRESNO CAMURCA NATURA, REVESTIMENTO ESTRUTURA: ESTRUTURA EM ACO TUBULAR COM FOSFATIZACAO E PINTURA EPOXI, TAMPO EM LAMINADO MELAMINICO EM AMBAS AS FACES, REGUA CENTRAL MOVEL E CALHA INTERNA EM MADEIRA PARA FIACAO. PAINEL DIVISOR DE 15 MM (25 X 130 CM) COM ACABAMENTO EM FITA PVC 1 MM E SUPORTES CROMADOS, DIMENSAO: 1400 X 1400 X 750 MM, MODELO: MESA TIPO PLATAFORMA, FORMA FORNECIMENTO: UNIDADE - ID:196723 - Código do Item:7110.009.1265",6,N
PD0010/26,UERJ - ADMINISTRACAO CENTRAL,PROCESSO ELETRÔNICO DE DISPENSA - LEI 14.133/21,Item: 6,196713,7110.009.1264,"MESA ESCRITORIO,MATERIAL: MDP, REVESTIMENTO: MELAMINICO DE BAIXA PRESSAO (BP), COR FRESNO CAMURCA NATURA, MATERIAL ESTRUTURA: MDF COM PES METALICOS EM CHAPA DE CARBONO PRETO, REVESTIMENTO ESTRUTURA: PINTURA ELETROSTATICA EM EPOXI, DIMENSAO: 1,40 M X 1,40 M (MEDIDA EXTERNA ESQUERDA E DIREITA) X 60 CM DE PROFUNDIDADE X 75 CM DE ALTURA, MODELO: ESTACAO DE TRABALHO EM L, FORMA FORNECIMENTO: UNIDADE - ID:196713 - Código do Item:7110.009.1264",2,N
PD0010/26,UERJ - ADMINISTRACAO CENTRAL,PROCESSO ELETRÔNICO DE DISPENSA - LEI 14.133/21,Item: 7,170310,7110.009.1047,"MESA ESCRITORIO,MATERIAL: MDP, REVESTIMENTO: LAMINADO AMADEIRADO, MATERIAL ESTRUTURA: MDP, REVESTIMENTO ESTRUTURA: LAMINADO MELANIMICO, DIMENSAO: 310 ~ 320CM (L) X 110 ~ 120CM (C) X 75 ~ 85CM (A), MODELO: MESA DE REUNIAO OVAL CONTENDO DUTO PARA CONDUCAO DE CABEAMENTO ATE OS  KITS DE TOMADAS NO TAMPO, COM BASCULANTE, FORMA FORNECIMENTO: UNIDADE - ID:170310 - Código do Item:7110.009.1047",1,N
PD0011/25,UERJ - ADMINISTRACAO CENTRAL,PROCESSO ELETRÔNICO DE DISPENSA - LEI 14.133/21,Item: 1,189986,7010.050.0119,"NOTEBOOK,PROCESSADOR: 64 BITS 32GB 4 NUCLEOS 4 THREADS, MEMORIA RAM: 16 GB, TELA: 15.6 ``, SISTEMA OPERACIONAL: WINDOWS 11 PROFESSIONAL, DISCO OTICO: SEM DISCO OTICO, DISCO RIGIDO - HD: 512 GB SSD, INTERFACE COMUNICACAO: PORTAS - USB-C, USB 3.2, USB 2.0, EHTERNET, LEITOR DE CARTAO SD, INTERFACE VIDEO: INTEGRADA, TECLADO: PADRAO ABNT-2, DISPOSITIVO APONTADOR: TOUCHPAD, ALIMENTACAO: BATERIA DE POLIMERO DE LITIO CAPACIDADE MINIMA DE 42 WH  1270OU BIVOLT, WEBCAM: SIM, ACESSORIOS: CABOS, ADAPTADORES E CONECTORES, FORMA FORNECIMENTO: UNIDADE - ID:189986 - Código do Item:7010.050.0119",2,N
PD0011/25,UERJ - ADMINISTRACAO CENTRAL,PROCESSO ELETRÔNICO DE DISPENSA - LEI 14.133/21,Item: 2,134943,7025.001.0045,"HARD DISK EXTERNO,TAMANHO: 2.5``, CAPACIDADE: 2 TB, VELOCIDADE: 6.0 GB/S, INTERFACE: USB 3.0, SUPORTE: SEM, TEMPO BUSCA: 5400 RPM, BUFFER: 16 MB, FORMA FORNECIMENTO: UNIDADE - ID:134943 - Código do Item:7025.001.0045",1,N
PD0011/25,UERJ - ADMINISTRACAO CENTRAL,PROCESSO ELETRÔNICO DE DISPENSA - LEI 14.133/21,Item: 3,182871,7035.016.0069,"MOUSE,TIPO: OPTICO, MODELO: CONVENCIONAL, FIO: SEM FIO, COR: PRETO, QUANTIDADE BOTAO: 3 BOTOES, ROLAGEM (SCROLL): SCROLL, INTERFACE: USB, RESOLUCAO: 1000 DPI, ADAPTADOR: N/A, FORMA FORNECIMENTO: UNIDADE - ID:182871 - Código do Item:7035.016.0069",2,N
PD0011/25,UERJ - ADMINISTRACAO CENTRAL,PROCESSO ELETRÔNICO DE DISPENSA - LEI 14.133/21,Item: 4,183146,5965.006.0045,"HEADSET,MODELO: HEADSET COM FIO, MATERIAL: CORPO EM PLASTICO, ALMOFADAS EM COURO SINTETICO, POTENCIA FONE: RESPOSTA DE FREQUENCIA DE 20 HZ - 20 KHZ, MICROFONE: BIDIRECIONAL COM CANCELAMENTO DE RUIDO, HASTE MICROFONE: AJUSTAVEL, COMPRIMENTO CABO: 1,9 M, CONECTOR: USB-A, COR: PRETO, FORMA FORNECIMENTO: UNIDADE - ID:183146 - Código do Item:5965.006.0045",2,N
PD0011/25,UERJ - ADMINISTRACAO CENTRAL,PROCESSO ELETRÔNICO DE DISPENSA - LEI 14.133/21,Item: 5,189989,7035.036.0009,"CONTROLE REMOTO APRESENTACAO,FUNCAO: CONTROLE A DISTANCIA DE APRESENTACAO, ALCANCE: 15 M, ALIMENTACAO: BATERIA, TENSAO ALIMENTACAO: 3.6V 4.2V, COMUNICACAO: SEM FIO, CARACTERISTICAS ADICIONAIS: APONTADOR LASER INTEGRADO, PLUG & PLAY, INTERFACE USB, FORMA FORNECIMENTO: UNIDADE - ID:189989 - Código do Item:7035.036.0009",1,N
PD0013/24,UERJ - HOSPITAL UNIVERSITÁRIO - HOSPITAL UNIVERSITARIO PEDRO ERNESTO,PROCESSO ELETRÔNICO DE DISPENSA - LEI 14.133/21,Item: 1,170940,6515.353.0032,"CATETER CENTRAL INSERCAO PERIFERICA,MATERIAL: SILICONE / POLIURETANO BICOMPATIVEL E RADIOPACO, QUANTIDADE VIAS: MONO LUMEN, CALIBRE: 1,9, GUIA: SEM FIO GUIA, PONTA: DISTAL COM DISPOSITIVO DE FIXACAO A EPIDERME, ACESSORIOS: CONEXAO LUER FEMEA UNIVERSAL, PRODUTOR TIPO CATETER CURTO SOBRE AGULHA DE 24G, BISEL DE BOA PENETRACAO E CAMARA DE RETORNO SANGUINEO, CUMPRIMENTO: ATE 30CM, FORMA FORNECIMENTO: UNIDADE - ID:170940 - Código do Item:6515.353.0032",100,N
PD0013/24,UERJ - HOSPITAL UNIVERSITÁRIO - HOSPITAL UNIVERSITARIO PEDRO ERNESTO,PROCESSO ELETRÔNICO DE DISPENSA - LEI 14.133/21,Item: 2,72251,6425.001.0024,"MEDICAMENTO USO HUMANO,GRUPO FARMACOLOGICO: ANTIOXIDANTE, PRINCIPIO ATIVO: ECOSSOMA DE ALOE  VERA, CERAMIDAS E VITAMINA A, C, E, FORMA FARMACEUTICA: CREME GEL, CONCENTRACAO / DOSAGEM: N/D, UNIDADE: NAO APLICAVEL, VOLUME: 75 G, APRESENTACAO: BISNAGA, ACESSORIO: NAO APLICAVEL - ID:72251 - Código do Item:6425.001.0024",1500,N
PD0013/24,UERJ - HOSPITAL UNIVERSITÁRIO - HOSPITAL UNIVERSITARIO PEDRO ERNESTO,PROCESSO ELETRÔNICO DE DISPENSA - LEI 14.133/21,Item: 3,91457,6517.360.0001,"CANETA DEMARCADORA CIRURGIA,TIPO DA PONTA: MICROPONTA, MATERIAL PONTA: CALIBRE MÉDIO, MATERIAL CORPO: POLIPROPILENO, TINTA: ATOXICA-AZUL, ESTERILIDADE: REGUA ESTERIL - ID:91457 - Código do Item:6517.360.0001",2000,N
PD0013/24,UERJ - HOSPITAL UNIVERSITÁRIO - HOSPITAL UNIVERSITARIO PEDRO ERNESTO,PROCESSO ELETRÔNICO DE DISPENSA - LEI 14.133/21,Item: 4,70005,6515.239.0007,"TORNEIRA CIRURGICA,TIPO: DESCARTAVEL, MATERIAL: PVC, QUANTIDADE VIAS: 3 VIAS, COR: TRANSPARENTE - ID:70005 - Código do Item:6515.239.0007",40000,N
PD0013/24,UERJ - HOSPITAL UNIVERSITÁRIO - HOSPITAL UNIVERSITARIO PEDRO ERNESTO,PROCESSO ELETRÔNICO DE DISPENSA - LEI 14.133/21,Item: 5,169919,6515.391.0003,"CAPA SANFONADA MICROCAMERA,MATERIAL: POLIPROPILENO, ESTERIL: SIM, TAMANHO: 13 CM X 250 CM, EXTREMIDADE: UMA SELADA E A OUTRA COM FORMATO EM U, FORMA FORNECIMENTO: UNIDADE - ID:169919 - Código do Item:6515.391.0003",10000,N
PD0013/24,UERJ - HOSPITAL UNIVERSITÁRIO - HOSPITAL UNIVERSITARIO PEDRO ERNESTO,PROCESSO ELETRÔNICO DE DISPENSA - LEI 14.133/21,Item: 6,134244,6515.372.0007,"SONDA ESOFAGIANA,MATERIAL: BORRACHA VULCANIZADA/SILICONE, CALIBRE: 32 FR, COMPRIMENTO: 80 ~105 CM, TIPO: FAUCHER, FORMA FORNECIMENTO: UNIDADE - ID:134244 - Código do Item:6515.372.0007",280,N
PD0016/25,UERJ - HOSPITAL UNIVERSITÁRIO - HOSPITAL UNIVERSITARIO PEDRO ERNESTO,PROCESSO ELETRÔNICO DE DISPENSA - LEI 14.133/21,Item: 1,60809,6517.178.0003,"PLACA BISTURI ELETRONICO,TIPO: DESCARTAVEL BIPARTIDA, MATERIAL: HIPOALERGENICO, REFERÊNCIA: ADULTO, MARCA: N/D, MODELO: N/D - ID:60809 - Código do Item:6517.178.0003",8500,N
PD0018/26,UERJ - HOSPITAL UNIVERSITÁRIO - HOSPITAL UNIVERSITARIO PEDRO ERNESTO,PROCESSO ELETRÔNICO DE DISPENSA - LEI 14.133/21,Item: 1,156601,6515.123.0301,"FIO GUIA,TIPO: HIDROFILICO STIFF, REVESTIMENTO: POLIMERO HIDROFILICO, MATERIAL: METALICO, DIAMETRO: 0,035 ``, COMPRIMENTO: 260 CM, TIPO PONTA: PONTA FLEXIVEL, FORMATO PONTA: ANGULADA, COMPRIMENTO PONTA: 8 A 16 CM, MATERIAL PONTA: FLOPPY, FORMA FORNECIMENTO: UNIDADE - ID:156601 - Código do Item:6515.123.0301",625,N
PD0018/26,UERJ - HOSPITAL UNIVERSITÁRIO - HOSPITAL UNIVERSITARIO PEDRO ERNESTO,PROCESSO ELETRÔNICO DE DISPENSA - LEI 14.133/21,Item: 2,100268,6515.123.0206,"FIO GUIA,TIPO: HIDROFILICO EXTRA SUPORTE, REVESTIMENTO: HIDROFILICO, MATERIAL: METALICO, DIAMETRO: 0,018MM, COMPRIMENTO: 300CM, TIPO PONTA: HIDROFILICO, FORMATO PONTA: ANGULADA, COMPRIMENTO PONTA: 2CM, MATERIAL PONTA: HIDROFILICO - ID:100268 - Código do Item:6515.123.0206",15,N
PD0020/25,UERJ - ADMINISTRACAO CENTRAL,PROCESSO ELETRÔNICO DE DISPENSA - LEI 14.133/21,Item: 1,54945,7110.004.0045,"CADEIRA ,TIPO: OPERACIONAL, BASE: FIXA,  PE PALITO, AJUSTE ALTURA ASSENTO: N/A, RECLINACAO: N/A, MATERIAL ESTRUTURA: ACO CARBONO, BRACO: SEM, ENCOSTO: BAIXO, REVESTIMENTO ASSENTO-ENCOSTO: COURO SINTETICO, COR: PRETO, PORTA LIVRO: SEM, PRANCHETA: SEM - ID:54945 - Código do Item:7110.004.0045",18,N
PD0020/25,UERJ - ADMINISTRACAO CENTRAL,PROCESSO ELETRÔNICO DE DISPENSA - LEI 14.133/21,Item: 2,87254,5520.003.0044,"PORTA ACESSO DE MADEIRA,MATERIAL: MADEIRA SOLIDA, DIMENSAO (L X H): 90 X 210 CM, ESPESSURA: 3,5 CM, TIPO: LISA, COMPONENTES: N/A - ID:87254 - Código do Item:5520.003.0044",4,N
PD0020/25,UERJ - ADMINISTRACAO CENTRAL,PROCESSO ELETRÔNICO DE DISPENSA - LEI 14.133/21,Item: 3,190209,7195.004.0004,"CAVALETE PINTURA,MATERIAL: MADEIRA REFORCADO E DOBRAVEL, MODELO: REFORCADO E DOBRAVEL 50 X 80 CM (L X A), FORMA FORNECIMENTO: UNIDADE - ID:190209 - Código do Item:7195.004.0004",8,N
PD0020/25,UERJ - ADMINISTRACAO CENTRAL,PROCESSO ELETRÔNICO DE DISPENSA - LEI 14.133/21,Item: 4,188801,6210.004.0221,"LUMINARIA,MATERIAL: METAL PRETO, CRISTAL 9K, FORMATO: LUMINARIA PENDENTE, RETANGULAR, TIPO LAMPADA: FONTE LED, LUZ COR BRANCO QUENTE, QUANTIDADE LAMPADA: 24, POTENCIA LAMPADA: TEMPERATURA DE COR 3000 K, BASE: PESO 16K, DIMENSAO (H X L X C) / (D X H): 140X35 CM,, COR: PRETO E DOURADO, COMPLEMENTO: ALIMENTACAO CORRENTE ELETRICA, TENSAO 110V/220V, MATERIAL DIFUSOR (TAMPA): CRISTAL, ACABAMENTO: CABO 150 CM, REFLETOR PARABOLICO: SEM, INSTALACAO: TETO, FORMA FORNECIMENTO: UNIDADE - ID:188801 - Código do Item:6210.004.0221",4,N
PD0020/25,UERJ - ADMINISTRACAO CENTRAL,PROCESSO ELETRÔNICO DE DISPENSA - LEI 14.133/21,Item: 5,190393,5680.003.0002,"CRUZETA MADEIRA (DORMENTE DECK),MATERIAL: MADEIRA ECOLOGICA, LARGURA: 30MM, ALTURA: 30 MM, COMPRIMENTO: 15MM, FORMA FORNECIMENTO: UNIDADE - ID:190393 - Código do Item:5680.003.0002",21,N
PD0022/26,UERJ - ADMINISTRACAO CENTRAL,PROCESSO ELETRÔNICO DE DISPENSA - LEI 14.133/21,Item: 1,174470,4110.007.0137,"REFRIGERADOR, GELADEIRA,CAPACIDADE TOTAL: 375 LITROS, ACABAMENTO: BRANCO, MODELO: DUPLEX, MODELO PORTA: COM PUXADORES, TENSAO: 127/220 V, ACESSORIOS: 4 PRATELEIRAS, QUANTIDADE PORTAS: 2, DEGELO: SISTEMA FROST - FREE, FORMA FORNECIMENTO: UNIDADE - ID:174470 - Código do Item:4110.007.0137",1,N
PD0029/25 R1,UERJ - HOSPITAL UNIVERSITÁRIO - HOSPITAL UNIVERSITARIO PEDRO ERNESTO,PROCESSO ELETRÔNICO DE DISPENSA - LEI 14.133/21,Item: 1,164955,6515.365.0057,"INTRODUTOR DIAGNOSTICO,MODELO: VALVULADO FEMORAL, MATERIAL: POLIURETANO RADIOPACO, TAMANHO: 9 - 14 F, COMPRIMENTO INTRODUTOR: 10 - 13 CM, DIAMETRO FIO GUIA: 0.035 - 0.038 ``, DIAMETRO DILATADOR: COMPATIVEL COM FIO GUIA 0.035 ``, COMPRIMENTO FIO GUIA: 45 CM, FORMA FORNECIMENTO: UNIDADE - ID:164955 - Código do Item:6515.365.0057",7,N
PD002_/R2,FUNESPOM - FUNDO ESP. POLÍCIA MILITAR RJ,PROCESSO ELETRÔNICO DE DISPENSA - LEI 14.133/21,Item: 1,51415,0100.020.0002,"CONTRATACAO DE EMPRESA PARA PRESTACAO DE SERVICOS DE CALIBRACAO DE EQUIPAMENTOS,DESCRIÇÃO: contratação de empresa especializada na prestação de serviço de calibração de equipamentos e instrumentos hospitalares - ID:51415 - Código do Item:0100.020.0002",1,N
PD0035/24,UERJ - HOSPITAL UNIVERSITÁRIO - HOSPITAL UNIVERSITARIO PEDRO ERNESTO,PROCESSO ELETRÔNICO DE DISPENSA - LEI 14.133/21,Item: 1,156590,6515.063.0164,"CATETER GUIA,CALIBRE: 6 - 7 F, MODELO: JR4, COMPRIMENTO: 60 - 120 CM, MATERIAL: POLIURETANO, FORMA FORNECIMENTO: UNIDADE - ID:156590 - Código do Item:6515.063.0164",44,N
PD0035/24,UERJ - HOSPITAL UNIVERSITÁRIO - HOSPITAL UNIVERSITARIO PEDRO ERNESTO,PROCESSO ELETRÔNICO DE DISPENSA - LEI 14.133/21,Item: 2,156591,6515.063.0165,"CATETER GUIA,CALIBRE: 6 - 7 F, MODELO: JL4, COMPRIMENTO: 60 - 120 CM, MATERIAL: POLIURETANO, FORMA FORNECIMENTO: UNIDADE - ID:156591 - Código do Item:6515.063.0165",44,N
PD0035/24,UERJ - HOSPITAL UNIVERSITÁRIO - HOSPITAL UNIVERSITARIO PEDRO ERNESTO,PROCESSO ELETRÔNICO DE DISPENSA - LEI 14.133/21,Item: 3,166375,6515.365.0066,"INTRODUTOR DIAGNOSTICO,MODELO: VALVULADO, MATERIAL: POLIURETANO RADIOPACO, TAMANHO: 6-8 F, COMPRIMENTO INTRODUTOR: 23-30 CM, DIAMETRO FIO GUIA: 0.035 - 0.038, DIAMETRO DILATADOR: COMPATIVEL COM FIO GUIA 0.035, COMPRIMENTO FIO GUIA: SEM FIO GUIA, FORMA FORNECIMENTO: UNIDADE - ID:166375 - Código do Item:6515.365.0066",2,N
PD0036/24,UERJ - ADMINISTRACAO CENTRAL,PROCESSO ELETRÔNICO DE DISPENSA - LEI 14.133/21,Item: 1,189578,7010.032.0052,"TABLET,DISPLAY: TOUCHSCREEN, TAMANHO DISPLAY: 11``, RESOLUCAO: 1920 X 1200, CONEXAO: 5G, 4G, WIFI (2,4GHz E 5GHz) BLUETOOTH, CAPACIDADE MEMORIA: 64GB, PROCESSADOR: OCTACORE 3,36 GHZ ARQUITETURA 64 BITS, FUNCOES: GPS, WI-FI E CAMERA FRONTAL 8.0 MP CAMERA TRASEIRA 8 MP, APLICATIVOS: ACESSO A INTERNET, E-MAIL, FOTOS, VIDEOS, MUSICAS, ALIMENTACAO ELETRICA: BIVOLT, REQUISITOS COMPATIBILIDADE: ANDROID 14, FORMA FORNECIMENTO: UNIDADE - ID:189578 - Código do Item:7010.032.0052",40,N
PD0043/26,UERJ - ADMINISTRACAO CENTRAL,PROCESSO ELETRÔNICO DE DISPENSA - LEI 14.133/21,Item: 1,186298,7035.022.0089,"SCANNER,TIPO: MESA A4, REQUERIMENTO SISTEMA: WINDOWS, PROFUNDIDADE BITS: CINZA (8bits) / COLOR (48 BITS) / SAIDA COLOR (24BITS), RESOLUCAO OPTICA: 600 DPI, FORMA FORNECIMENTO: UNIDADE - ID:186298 - Código do Item:7035.022.0089",2,N
PD0043/26,UERJ - ADMINISTRACAO CENTRAL,PROCESSO ELETRÔNICO DE DISPENSA - LEI 14.133/21,Item: 2,194533,0193.001.1863,"SERVICOS DE LICENCAS DE SOFTWARES,DESCRIÇÃO: SERVICO DE LOCACAO DE SOFTWARE CAPTURA KODAK PRO, ORIGEM: PESSOA JURIDICA, FORMA FORNECIMENTO: LICENCA DE 12 MESES - ID:194533 - Código do Item:0193.001.1863",2,N
PD0048/24 R1,UERJ - ADMINISTRACAO CENTRAL,PROCESSO ELETRÔNICO DE DISPENSA - LEI 14.133/21,Item: 1,22897,6640.045.0007,"ALCA MICROBIOLOGICA,MODELO: CALIBRADA, MATERIAL: NIQUEL CROMO, TRATAMENTO: N/A, VOLUME: 10 µL, COR: N/A - ID:22897 - Código do Item:6640.045.0007",10,N
PD0048/24 R1,UERJ - ADMINISTRACAO CENTRAL,PROCESSO ELETRÔNICO DE DISPENSA - LEI 14.133/21,Item: 2,185262,6640.196.0012,"ROLHA SILICONE,DIMENSOES: 22,8 MM X 16,3 MM X 12,5 MM, CARACTERISTICAS ESPECIAIS: ANTIACIDA E ISENTA DE ENXOFRE, FORMA FORNECIMENTO: PACOTE 20 UNIDADES - ID:185262 - Código do Item:6640.196.0012",1,N
PD0048/24 R1,UERJ - ADMINISTRACAO CENTRAL,PROCESSO ELETRÔNICO DE DISPENSA - LEI 14.133/21,Item: 3,185263,6640.196.0013,"ROLHA SILICONE,DIMENSOES: 27 MM X 20,5 MM X 16,8 MM, CARACTERISTICAS ESPECIAIS: ANTIACIDA E ISENTA DE ENXOFRE, FORMA FORNECIMENTO: PACOTE 10 UNIDADES - ID:185263 - Código do Item:6640.196.0013",2,N
PD0048/24 R1,UERJ - ADMINISTRACAO CENTRAL,PROCESSO ELETRÔNICO DE DISPENSA - LEI 14.133/21,Item: 4,185287,6640.196.0014,"ROLHA SILICONE,DIMENSOES: 42MM X 39 MM X 32,7 MM, CARACTERISTICAS ESPECIAIS: ANTIACIDA E ISENTA DE ENXOFRE, FORMA FORNECIMENTO: PACOTE 5 UNIDADES - ID:185287 - Código do Item:6640.196.0014",3,N
PD0048/24 R1,UERJ - ADMINISTRACAO CENTRAL,PROCESSO ELETRÔNICO DE DISPENSA - LEI 14.133/21,Item: 5,187153,6640.196.0018,"ROLHA SILICONE,DIMENSOES: 26MM X 21MM X 32MM, CARACTERISTICAS ESPECIAIS: ANTIACIDA, ISENTA DE ENXOFRE E COM FURO, FORMA FORNECIMENTO: UNIDADE - ID:187153 - Código do Item:6640.196.0018",6,N
PD0048/24 R1,UERJ - ADMINISTRACAO CENTRAL,PROCESSO ELETRÔNICO DE DISPENSA - LEI 14.133/21,Item: 6,185288,6640.196.0015,"ROLHA SILICONE,DIMENSOES: 70MM X 55MM X 67MM, CARACTERISTICAS ESPECIAIS: ANTIACIDA E ISENTA DE ENXOFRE, FORMA FORNECIMENTO: UNIDADE - ID:185288 - Código do Item:6640.196.0015",5,N
PD0048/24 R1,UERJ - ADMINISTRACAO CENTRAL,PROCESSO ELETRÔNICO DE DISPENSA - LEI 14.133/21,Item: 7,21449,6685.012.0005,"TERMOMETRO LABORATORIO,SISTEMA: N/D, MODELO: N/D, MATERIAL: VIDRO, APLICACAO: REGISTRO TEMPERATURA, GRADUACAO: -10~110 °C, ENCHIMENTO: ALCOOL, FIXACAO: N/D, PRECISAO: 0,02, SAIDA: N/D - ID:21449 - Código do Item:6685.012.0005",8,N
PD0048/24 R1,UERJ - ADMINISTRACAO CENTRAL,PROCESSO ELETRÔNICO DE DISPENSA - LEI 14.133/21,Item: 8,74868,6685.013.0035,"TERMOMETRO MERCURIO,ESCALA: -10~210 °C, MODELO: BASTAO, MATERIAL: VIDRO, MODELO ESCALA: INTERNA, PRECISAO: 0,5 °C, CAPILAR REFLETOR: N/D, IMERSAO: TOTAL, ACESSORIOS: ESTOJO PVC, COMPRIMENTO: 30 CM - ID:74868 - Código do Item:6685.013.0035",14,N
PD0048/24 R1,UERJ - ADMINISTRACAO CENTRAL,PROCESSO ELETRÔNICO DE DISPENSA - LEI 14.133/21,Item: 9,156648,6640.098.0035,"ESCOVA LIMPEZA VIDRARIA LABORATORIO,MATERIAL CERDAS: CRINA, COMPRIMENTO: 255 MM, DIAMETRO: 30 MM, APLICACAO: VIDRARIA, FORMA FORNECIMENTO: UNIDADE - ID:156648 - Código do Item:6640.098.0035",5,N
PD0048/24 R1,UERJ - ADMINISTRACAO CENTRAL,PROCESSO ELETRÔNICO DE DISPENSA - LEI 14.133/21,Item: 10,88130,6640.098.0021,"ESCOVA LIMPEZA VIDRARIA LABORATORIO,MATERIAL CERDAS: CRINA, COMPRIMENTO: 600 MM, DIAMETRO: 1 CM, APLICACAO: VIDRARIA - ID:88130 - Código do Item:6640.098.0021",5,N
PD0048/24 R1,UERJ - ADMINISTRACAO CENTRAL,PROCESSO ELETRÔNICO DE DISPENSA - LEI 14.133/21,Item: 11,22092,6640.098.0005,"ESCOVA LIMPEZA VIDRARIA LABORATORIO,MATERIAL CERDAS: POLIAMIDA E FIBRAS POLIESTER, COMPRIMENTO: 300 MM, DIAMETRO: 15 MM, APLICACAO: PIPETA - ID:22092 - Código do Item:6640.098.0005",5,N
PD0048/24 R1,UERJ - ADMINISTRACAO CENTRAL,PROCESSO ELETRÔNICO DE DISPENSA - LEI 14.133/21,Item: 12,133255,6640.029.0040,"SUPORTE TUBO ENSAIO,MATERIAL: ACO, REVESTIMENTO: PVC, COR: BRANCO, CAPACIDADE: 24 TUBOS, DIAMETRO: 13 MM, COMPRIMENTO TUBO: 100 MM - ID:133255 - Código do Item:6640.029.0040",10,N
PD0048/24 R1,UERJ - ADMINISTRACAO CENTRAL,PROCESSO ELETRÔNICO DE DISPENSA - LEI 14.133/21,Item: 13,133254,6640.029.0039,"SUPORTE TUBO ENSAIO,MATERIAL: ACO, REVESTIMENTO: PVC, COR: BRANCO, CAPACIDADE: 24 TUBOS, DIAMETRO: 18 MM, COMPRIMENTO TUBO: 180MM - ID:133254 - Código do Item:6640.029.0039",10,N
PD0057/26 R1,UERJ - HOSPITAL UNIVERSITÁRIO - HOSPITAL UNIVERSITARIO PEDRO ERNESTO,PROCESSO ELETRÔNICO DE DISPENSA - LEI 14.133/21,Item: 1,195114,6510.004.0036,"ATADURA ORTOPEDICA,MATERIAL: 100% ALGODAO CRU, LARGURA: 6 CM, COMPRIMENTO: 1,80 M, COR: NATURAL, ACABAMENTO: UNIFORME COM CAMADA DE GOMA EM UMA DAS FACES, EMBALAGEM: INDIVIDUAL, NORMA: NBR 14056, FORMA FORNECIMENTO: UNIDADE - ID:195114 - Código do Item:6510.004.0036",105,N
PD0057/26 R1,UERJ - HOSPITAL UNIVERSITÁRIO - HOSPITAL UNIVERSITARIO PEDRO ERNESTO,PROCESSO ELETRÔNICO DE DISPENSA - LEI 14.133/21,Item: 2,83282,6510.004.0026,"ATADURA ORTOPEDICA,MATERIAL: CREPOM, LARGURA: 10 CM, COMPRIMENTO: 1,8 M, COR: NATURAL, ACABAMENTO: TRAMA FECHADA ENROLADA UNIFORMEMENTE EM FORMA CILINDRICA, EMBALAGEM: INDIVIDUAL, NORMA: CONFORME PORTARIA DO MS. - ID:83282 - Código do Item:6510.004.0026",28100,N
PD0057/26 R1,UERJ - HOSPITAL UNIVERSITÁRIO - HOSPITAL UNIVERSITARIO PEDRO ERNESTO,PROCESSO ELETRÔNICO DE DISPENSA - LEI 14.133/21,Item: 3,104507,6510.002.0017,"ATADURA GESSADA,MATERIAL: 100% ALGODAO, LARGURA: 15 CM, COMPRIMENTO: 300 CM, EMBALAGEM: INDIVIDUAL, ACABAMENTO: ENROLADO DE FORMA CONTINUA - ID:104507 - Código do Item:6510.002.0017",630,N
PD0069/26,UERJ - ADMINISTRACAO CENTRAL,PROCESSO ELETRÔNICO DE DISPENSA - LEI 14.133/21,Item: 1,191083,4110.005.0039,"FRIGOBAR,COR: BRANCA, CAPACIDADE FREEZER: N/A, CAPACIDADE REFRIGERADOR: 117 ~ 125 L, CAPACIDADE TOTAL: 117 ~ 125 L, TENSAO: 110/127 V, DIMENSAO (H X L X P): 83~88 X 48~52 X 51~56 CM, FORMA FORNECIMENTO: UNIDADE - ID:191083 - Código do Item:4110.005.0039",1,N
PD0071/26 R1,UERJ - ADMINISTRACAO CENTRAL,PROCESSO ELETRÔNICO DE DISPENSA - LEI 14.133/21,Item: 1,142158,7730.015.0124,"TELEVISOR / TV / TELEVISAO,MODELO: LED ULTRA HD 4K, SISTEMA SOM: DOLBY DIGITAL PLUS, VIRTUAL SURROUND, DTS CODEC, TAMANHO: 55 ``, TENSAO: AC100-240V 50/60HZ, SISTEMA CAPTACAO: ISDB-T, ACESSORIO: BATERIAS PARA CONTROLE REMOTO, 1 CABO DE CONEXAO HDMI/HDMI DE 30M, 1 CABO CONEXAO PADRAO HDMI/DVI DE 2M, DIMENSAO (L X H X P): 124,6 X 76,1 X 23,2 CM, ENTRADAS: 2 HDMI, 2 USB, 1 ENTRADA DE COMPONENTE (Y/PB/PR), 1 ETHERNET LAN, 1 ENTRADA DE COMPOSTO (AV), SAIDAS: 1 DE AUDIO (MINI ENTRADA), 1 DE AUDIO DIGITAL (OPTICA), FORMA FORNECIMENTO: UNIDADE - ID:142158 - Código do Item:7730.015.0124",10,N
PD0071/26 R1,UERJ - ADMINISTRACAO CENTRAL,PROCESSO ELETRÔNICO DE DISPENSA - LEI 14.133/21,Item: 2,193002,5999.003.0090,"SUPORTE EQUIPAMENTO ELETRICO-ELETRONICO,MATERIAL: ACO CARBONO, TIPO EQUIPAMENTO: SUPORTE PARA TV 55`` A 85``, CAPACIDADE CARGA: N/D, DIMENSAO (H X L X C): COMPATIVEIS 26` A 75`, COR: CINZA/PRETO, MODELO: PAREDE COM AJUSTE DE INCLINACAO, FORMA FORNECIMENTO: UNIDADE - ID:193002 - Código do Item:5999.003.0090",10,N
PD0073/26,FSERJ - FUNDAÇÃO SAÚDE DO EST. DO RIO DE JANEIRO,PROCESSO ELETRÔNICO DE DISPENSA - LEI 14.133/21,Item: 1,139053,6820.006.0500,"ANTICORPO,CLASSIFICACAO: CONJUGADO, TIPO: MONOCLONAL CAMUNDONGO ANTI-CD45 HUMANO, TECNICA: CITOMETRIA FLUXO, MARCACAO: APC-H7, FORMA FORNECIMENTO: UNIDADE - ID:139053 - Código do Item:6820.006.0500",200,N
PD0073/26,FSERJ - FUNDAÇÃO SAÚDE DO EST. DO RIO DE JANEIRO,PROCESSO ELETRÔNICO DE DISPENSA - LEI 14.133/21,Item: 2,138179,6820.006.0451,"ANTICORPO,CLASSIFICACAO: CONJUGADO, TIPO: MONOCLONAL CAMUNDONGO ANTI-CD38 HUMANO, TECNICA: CITOMETRIA FLUXO, MARCACAO: APC-H7, FORMA FORNECIMENTO: UNIDADE - ID:138179 - Código do Item:6820.006.0451",200,N
PD0073/26,FSERJ - FUNDAÇÃO SAÚDE DO EST. DO RIO DE JANEIRO,PROCESSO ELETRÔNICO DE DISPENSA - LEI 14.133/21,Item: 3,166904,6820.006.0768,"ANTICORPO,CLASSIFICACAO: CONJUGADO, TIPO: MONOCLONAL  ANTI-CD36 HUMANO, TECNICA: CITOMETRIA FLUXO, MARCACAO: CONJUGADO A APC-H7, FORMA FORNECIMENTO: UNIDADE - ID:166904 - Código do Item:6820.006.0768",200,N
PD0073/26,FSERJ - FUNDAÇÃO SAÚDE DO EST. DO RIO DE JANEIRO,PROCESSO ELETRÔNICO DE DISPENSA - LEI 14.133/21,Item: 4,138171,6820.006.0443,"ANTICORPO,CLASSIFICACAO: CONJUGADO, TIPO: MONOCLONAL CAMUNDONGO ANTI-cyCD3 HUMANO, TECNICA: CITOMETRIA FLUXO, MARCACAO: APC-H7, FORMA FORNECIMENTO: UNIDADE - ID:138171 - Código do Item:6820.006.0443",200,N
PD0074/26,UERJ - HOSPITAL UNIVERSITÁRIO - HOSPITAL UNIVERSITARIO PEDRO ERNESTO,PROCESSO ELETRÔNICO DE DISPENSA - LEI 14.133/21,Item: 1,74552,6510.038.0016,"ATADURA,TIPO: CREPOM TIPO I, MATERIAL: 100% ALGODAO CRU, 13 FIOS/CM2, TAMANHO: 15 CM X 1,80M, EMBALAGEM: INDIVIDUAL, ACABAMENTO: UNIFORME, BORDAS ACABADAS, ISENTA DE RASGOS, IMPUREZAS E FIAPOS, NORMA: NBR 14056 - ID:74552 - Código do Item:6510.038.0016",44200,N
PD0074/26,UERJ - HOSPITAL UNIVERSITÁRIO - HOSPITAL UNIVERSITARIO PEDRO ERNESTO,PROCESSO ELETRÔNICO DE DISPENSA - LEI 14.133/21,Item: 2,83280,6510.004.0024,"ATADURA ORTOPEDICA,MATERIAL: CREPOM, LARGURA: 30CM, COMPRIMENTO: 1,80M, COR: NATURAL, ACABAMENTO: TRAMA  FECHADA ENROLADA UNIFORMEMENTE EM FORMA CILINDRICA, EMBALAGEM: INDIVIDUAL, NORMA: CONFORME PORTARIA DO MS. - ID:83280 - Código do Item:6510.004.0024",15850,N
PD0079/26 R1,UERJ - HOSPITAL UNIVERSITÁRIO - HOSPITAL UNIVERSITARIO PEDRO ERNESTO,PROCESSO ELETRÔNICO DE DISPENSA - LEI 14.133/21,Item: 1 Lote: 1,146685,6515.366.0007,"FIXADOR TUBO OROTRAQUEAL,MATERIAL:  POLIURETANO, TRATAMENTO: NAO ESTERIL, ATOXICO, HIPOALERGENICO E BACTERIOSTATICO, TAMANHO: ADULTO, CARACTERISTICA CONSTRUCAO: FLEXIVEL, EM FORMA DE TIRA IMPERMEAVEL, CONSTITUIDA DE BANNER, ESPUMA TECNICA, FITA DUPLA FACE E LACRE DE POLIURETANO, ACESSORIO: TRAVA DE SEGURANCA PARA ESTABILIZACAO DO TUBO, FORMA FORNECIMENTO: UNIDADE - ID:146685 - Código do Item:6515.366.0007",7065,N
PD0079/26 R1,UERJ - HOSPITAL UNIVERSITÁRIO - HOSPITAL UNIVERSITARIO PEDRO ERNESTO,PROCESSO ELETRÔNICO DE DISPENSA - LEI 14.133/21,Item: 2 Lote: 1,150979,6515.366.0008,"FIXADOR TUBO OROTRAQUEAL,MATERIAL:  POLIURETANO, TRATAMENTO: NAO ESTERIL, ATOXICO, HIPOALERGENICO E BACTERIOSTATICO, TAMANHO: INFANTIL, CARACTERISTICA CONSTRUCAO: FLEXIVEL, EM FORMA DE TIRA IMPERMEAVEL, CONSTITUIDA DE BANNER, ESPUMA TECNICA, FITA DUPLA FACE E LACRE DE POLIURETANO, ACESSORIO: TRAVA DE SEGURANCA PARA ESTABILIZACAO DO TUBO, FORMA FORNECIMENTO: UNIDADE - ID:150979 - Código do Item:6515.366.0008",103,N
PD0081/24,UERJ - ADMINISTRACAO CENTRAL,PROCESSO ELETRÔNICO DE DISPENSA - LEI 14.133/21,Item: 1,189810,7195.029.0090,"MESA AUXILIAR (USO GERAL),UTILIZACAO: USO GERAL (MESA DE APOIO/CABECEIRA), MATERIAL TAMPO: MDPBP 15MM, MATERIAL ESTRUTURA: ACO TIPO H EM CHAPAS 20 (0,90MM) COM SAPATAS NIVELADORAS, DIMENSOES: 1,20 LARGURA X 0,61 PROFUNDIDADE X 0,74 ALTURA, PRATELEIRA: SEM, ACESSORIO/ADICIONAL: ALMOFADA EM MDPBP 15MM, FORMA FORNECIMENTO: UNIDADE - ID:189810 - Código do Item:7195.029.0090",3,S
PD0081/24,UERJ - ADMINISTRACAO CENTRAL,PROCESSO ELETRÔNICO DE DISPENSA - LEI 14.133/21,Item: 2,128001,7110.004.0560,"CADEIRA ,TIPO: DIRETOR, BASE: GIRATORIA - RODIZIO, AJUSTE ALTURA ASSENTO: REGULAVEL POR SISTEMA PNEUMATICO (A GAS), RECLINACAO: AJUSTAVEL, MATERIAL ESTRUTURA: AÇO, BRACO: REGULAVEL, ENCOSTO: ESPALDAR ALTO, REVESTIMENTO ASSENTO-ENCOSTO: COURO SINTETICO, COR: PRETO, PORTA LIVRO: SEM, PRANCHETA: SEM - ID:128001 - Código do Item:7110.004.0560",6,S
PD0081/24,UERJ - ADMINISTRACAO CENTRAL,PROCESSO ELETRÔNICO DE DISPENSA - LEI 14.133/21,Item: 3,189871,7115.014.0018,"CARTEIRA ESCOLAR,MATERIAL ASSENTO-ENCOSTO: COURO SINTETICO AZUL, MATERIAL PRANCHA: MDF ESCAMOTAVEL, ACABAMENTO: PINTURA ELETROSTATICA EPOXI, PONTEIRAS PLASTICAS, ESTRUTURA: ACO, PORTA LIVRO: COM, FORMA FORNECIMENTO: UNIDADE - ID:189871 - Código do Item:7115.014.0018",75,S
PD0093/26 R1,UERJ - HOSPITAL UNIVERSITÁRIO - HOSPITAL UNIVERSITARIO PEDRO ERNESTO,PROCESSO ELETRÔNICO DE DISPENSA - LEI 14.133/21,Item: 1,189187,7530.017.0049,"ETIQUETA AUTO ADESIVA TERMICA,MATERIAL: PAPEL COUCHE, GRAMATURA: 20 G, FORMATO: RETANGULAR COM 3 CARREIRAS, DIMENSAO (L X C): 22 X 33 MM, QUANTIDADE FOLHA: 6.000 ETIQUETAS POR ROLO, ROLO INTEGRALMENTE NA COR VERMELHA, FORMA FORNECIMENTO: ROLO - ID:189187 - Código do Item:7530.017.0049",72,N
PD0096/26,FSERJ - FUNDAÇÃO SAÚDE DO EST. DO RIO DE JANEIRO,PROCESSO ELETRÔNICO DE DISPENSA - LEI 14.133/21,Item: 1,185492,6820.006.1018,"ANTICORPO,CLASSIFICACAO: CONJUGADO, TIPO: MONOCLONAL CAMUNDONGO, ANTI-CD 11B HUMANO, TECNICA: CITOMETRIA DE FLUXO, MARCACAO: PE-Cy7, FORMA FORNECIMENTO: TESTE - ID:185492 - Código do Item:6820.006.1018",50,N
PD0096/26,FSERJ - FUNDAÇÃO SAÚDE DO EST. DO RIO DE JANEIRO,PROCESSO ELETRÔNICO DE DISPENSA - LEI 14.133/21,Item: 2,199230,6820.006.1132,"ANTICORPO,CLASSIFICACAO: CONJUGADO, TIPO: MONOCLONAL CAMUNDONGO ANTI-CD7 HUMANO, TECNICA: CITOMETRIA FLUXO, MARCACAO: PE-CY7, FORMA FORNECIMENTO: TESTE - ID:199230 - Código do Item:6820.006.1132",100,N
PD0096/26,FSERJ - FUNDAÇÃO SAÚDE DO EST. DO RIO DE JANEIRO,PROCESSO ELETRÔNICO DE DISPENSA - LEI 14.133/21,Item: 3,143747,6820.006.0630,"ANTICORPO,CLASSIFICACAO: CONJUGADO, TIPO: MONOCLONAL ANTI-CD2PE-Cy7, TECNICA: CITOMETRIA DE FLUXO, MARCACAO: PE-Cy7, FORMA FORNECIMENTO: TESTE - ID:143747 - Código do Item:6820.006.0630",100,N
PD0096/26,FSERJ - FUNDAÇÃO SAÚDE DO EST. DO RIO DE JANEIRO,PROCESSO ELETRÔNICO DE DISPENSA - LEI 14.133/21,Item: 4,185802,6820.006.1034,"ANTICORPO,CLASSIFICACAO: CONJUGADO, TIPO: MONOCLONAL CAMUNDONGO, ANTI-CD 28 HUMANO, TECNICA: CITOMETRIA DE FLUXO, MARCACAO: PE-Cy7, FORMA FORNECIMENTO: TESTE - ID:185802 - Código do Item:6820.006.1034",50,N
PD0099/26,UERJ - ADMINISTRACAO CENTRAL,PROCESSO ELETRÔNICO DE DISPENSA - LEI 14.133/21,Item: 1,190083,7010.050.0120,"NOTEBOOK,PROCESSADOR: 13ª GERACAO CACHE DE 12 MB, ATE 5.2 GHZ, MEMORIA RAM: 16 GB DDR5, TELA: LCD / LED 15 ``, SISTEMA OPERACIONAL: MICROSOFT WINDOWS 11 PROFESSIONAL 64 BITS EM PORTUGUES BR, DISCO OTICO: N/A, DISCO RIGIDO - HD: SSD 512GB PCIe NVMe M.2, INTERFACE COMUNICACAO: WLAN 802.11  A/B/G/N; BLUETOOTH 4.0  1 CONECTOR PADRAO RJ-45 10/100/1000, INTERFACE VIDEO: DUAS SAIDAS DE VIDEO SENDO UMA HDMI, TECLADO: PADRAO ABNT-2 RETROILUMINADO INTEGRADO AO CHASSI, DISPOSITIVO APONTADOR: TOUCH PAD  COM SUPORTE A FUNCAO MULTI-TOQUES, ALIMENTACAO: FONTE EXTERNA, BIVOLT, CABO DE ALIMENTACAO PADRAO NBR-14136, BATERIA INTERNA DE 50W, WEBCAM: CAMERA HD 720p, ACESSORIOS: N/A, FORMA FORNECIMENTO: UNIDADE - ID:190083 - Código do Item:7010.050.0120",1,N
PD0099/26,UERJ - ADMINISTRACAO CENTRAL,PROCESSO ELETRÔNICO DE DISPENSA - LEI 14.133/21,Item: 2,192681,7490.002.0083,"MAQUINA IMPRESSORA / COPIADORA,TECNOLOGIA: IMPRESSORA MULTIFUNCIONAL TONER, IMPRESSAO: LASER MONOGROMATICA, VELOCIDADE COPIA: 34 PPM A4, 36PPM CARTA, RESOLUCAO: 2400X600 DPI, TAMANHO MAXIMO PAPEL: CARTA, OFICIO, EXECUTIVO, A4, A5, A6, B5, B6, ENVELOPE, TENSAO:  127V, 50/60HZ, TIPO ALIMENTACAO PAPEL: ALIMENTACAO MANUAL 60-230G/M², BANDEJA DE PAPEL 60-163G/M², AMPLIACAO / REDUCAO: N/A, FORMA FORNECIMENTO: UNIDADE - ID:192681 - Código do Item:7490.002.0083",1,N
PD0099/26,UERJ - ADMINISTRACAO CENTRAL,PROCESSO ELETRÔNICO DE DISPENSA - LEI 14.133/21,Item: 3,179018,7010.049.0206,"COMPUTADOR,PROCESSADOR: 4 NUCLEOS 3.3 GHZ, PLACA PRINCIPAL: EMBUTIDA, MEMORIA RAM: 8GB MEMORIA, DISCO RIGIDO - HD: 500 GB, UNIDADE MIDIA OTICA: N/A, INTERFACE COMUNICACAO: BLUETOOTH, WI FI, RJ 45, INTERFACE VIDEO: INTEGRADO A PLACA PRINCIPAL, MONITOR:  24``, SISTEMA OPERACIONAL: WINDOWS 10, GABINETE: ALL IN ONE, MOUSE: MOUSE SEM FIO, TECLADO: TECLADO SEM FIO, ACESSORIOS: CABOS E CONECTORES, FORMA FORNECIMENTO: UNIDADE - ID:179018 - Código do Item:7010.049.0206",1,N
PD01,SUDERJ - SUPERINTENDÊNCIA DE DESPORTOS DO ESTADO DO RJ,PROCESSO ELETRÔNICO DE DISPENSA - LEI 14.133/21,Item: 1,71382,8955.002.0022,"CAFE,TIPO: PO (TORRADO MOIDO), EMPACOTAMENTO: A VACUO, FORNECIMENTO: PACOTE 500 GRAMAS - ID:71382 - Código do Item:8955.002.0022",50,S
PD01,SUDERJ - SUPERINTENDÊNCIA DE DESPORTOS DO ESTADO DO RJ,PROCESSO ELETRÔNICO DE DISPENSA - LEI 14.133/21,Item: 2,135202,8925.002.0023,"ADOCANTE DIETETICO,APRESENTACAO: LIQUIDO, TIPO: NAO CALORICO C/ ASPARTAME, FORMA FORNECIMENTO: FRASCO 100 ML - ID:135202 - Código do Item:8925.002.0023",20,S
PD01,SUDERJ - SUPERINTENDÊNCIA DE DESPORTOS DO ESTADO DO RJ,PROCESSO ELETRÔNICO DE DISPENSA - LEI 14.133/21,Item: 3,135525,8925.001.0014,"ACUCAR,TIPO: REFINADO, FORNECIMENTO: PACOTE DE 1 KG - ID:135525 - Código do Item:8925.001.0014",15,S
