id_pncp,nome,cnpj,data_inclusao_pncp,categoria_instituicao,esfera,uf,plataforma_tecnologia,url_portal_acesso,endpoint_consulta_pncp,estrategia_conector,grau_reaproveitamento
3,COMPRAS.GOV.BR,00.394.460/0001-41,2021-08-05,Governo Federal,Federal,Nacional,SIASG / Compras.gov.br API,https://compras.gov.br,https://pncp.gov.br/api/consulta/v1/contratacoes/publicacao?cnpj=00394460000141,API_REST_OFICIAL,Altíssimo (Federal + centenas de municípios)
5,ECUSTOMIZE CONSULTORIA EM SOFTWARE S.A,09.397.355/0001-30,2021-08-09,Plataforma / Bolsa de Compras Privada,Multi-esfera / Nacional,Nacional,Portal de Compras Públicas (Ecustomize),https://www.portaldecompraspublicas.com.br,https://pncp.gov.br/api/consulta/v1/contratacoes/publicacao?cnpj=09397355000130,WEB_PORTAL / API,Altíssimo (Mais de 2.000 municípios)
6,BLL COMPRAS,10.508.843/0002-38,2021-08-09,Plataforma / Bolsa de Compras Privada,Multi-esfera / Nacional,Nacional,BLL Compras (Bolsa de Licitações e Leilões),https://bllcompras.com,https://pncp.gov.br/api/consulta/v1/contratacoes/publicacao?cnpj=10508843000238,WEB_PORTAL / API,Altíssimo (Mais de 3.000 municípios)
7,BOLSA BRASILEIRA DE MERCADORIAS - BBMNET LICITAÇÕES,05.342.088/0001-43,2021-08-09,Plataforma / Bolsa de Compras Privada,Multi-esfera / Nacional,Nacional,BBMNet Licitações (Bolsa Brasileira de Mercadorias),https://bbmnetlicitacoes.com.br,https://pncp.gov.br/api/consulta/v1/contratacoes/publicacao?cnpj=05342088000143,WEB_PORTAL / API,Altíssimo (Nacional)
9,AZ INFORMATICA LTDA,24.598.492/0001-27,2021-08-09,Software House / GovTech ERP Municipal,Multi-esfera / Municipal,Multi-UF,Provedor Integrado via API PNCP,https://pncp.gov.br/app/editais?q=&status=recebendo_proposta&orgao=24598492000127,https://pncp.gov.br/api/consulta/v1/contratacoes/publicacao?cnpj=24598492000127,PNCP_API_CONSULTA,Médio (Específico da Entidade)
10,PORTAL DE COMPRAS DO ESTADO DE MINAS GERAIS,05.461.142/0001-70,2021-08-09,Governo Estadual / Secretaria Central,Estadual,MG,Portal de Compras MG (SIAD),https://compras.mg.gov.br,https://pncp.gov.br/api/consulta/v1/contratacoes/publicacao?cnpj=05461142000170,WEB_PORTAL / API,Alto (Estado de Minas Gerais)
12,BOLSA NACIONAL DE COMPRAS - BNC,25.099.967/0001-01,2021-08-09,Plataforma / Bolsa de Compras Privada,Multi-esfera / Nacional,Nacional,Bolsa Nacional de Compras (BNC),https://bnc.org.br,https://pncp.gov.br/api/consulta/v1/contratacoes/publicacao?cnpj=25099967000101,WEB_PORTAL / API,Altíssimo (Nacional)
13,LICITAR DIGITAL - PLATAFORMA DE LICITAÇÕES ONLINE,35.125.567/0001-79,2021-08-09,Plataforma / Bolsa de Compras Privada,Multi-esfera / Nacional,Nacional,Licitar Digital,https://www.licitardigital.com.br,https://pncp.gov.br/api/consulta/v1/contratacoes/publicacao?cnpj=35125567000179,WEB_PORTAL / API,Altíssimo (Nacional)
14,PORTAL DE COMPRAS PÚBLICAS DO ESTADO DO RIO DE JANEIRO,15.829.998/0001-09,2021-08-09,Plataforma / Bolsa de Compras Privada,Multi-esfera / Nacional,RJ,Portal de Compras RJ (SIGA / Struts2 / Solr),https://www.compras.rj.gov.br,https://pncp.gov.br/api/consulta/v1/contratacoes/publicacao?cnpj=15829998000109,API_XHR / SCRAPER,Alto (Estado do Rio de Janeiro)
16,COMPRAS PARÁ,35.747.782/0001-01,2021-08-09,Governo Estadual / Secretaria Central,Estadual,PA,Compras Pará,https://www.compraspara.pa.gov.br,https://pncp.gov.br/api/consulta/v1/contratacoes/publicacao?cnpj=35747782000101,WEB_PORTAL,Alto (Estado do Pará)
17,SUPERINTENDÊNCIA DE COMPRAS E LICITAÇÕES DO ESTADO DE RONDÔNIA,04.696.490/0001-63,2021-08-09,Governo Estadual / Secretaria Central,Estadual,RO,SUPEL RO,https://rondonia.ro.gov.br/supel/,https://pncp.gov.br/api/consulta/v1/contratacoes/publicacao?cnpj=04696490000163,WEB_PORTAL,Alto (Estado de Rondônia)
18,LICITANET LICITAÇÕES ELETRÔNICAS LTDA,21.280.462/0001-80,2021-08-09,Plataforma / Bolsa de Compras Privada,Multi-esfera / Nacional,Nacional,Licitanet,https://licitanet.com.br,https://pncp.gov.br/api/consulta/v1/contratacoes/publicacao?cnpj=21280462000180,WEB_PORTAL / API,Altíssimo (Nacional)
26,MEMORY PROJETOS E DESENVOLVIMENTO DE SISTEMAS LTDA,71.000.731/0001-85,2021-08-17,Software House / GovTech ERP Municipal,Multi-esfera / Municipal,Multi-UF,Provedor Integrado via API PNCP,https://pncp.gov.br/app/editais?q=&status=recebendo_proposta&orgao=71000731000185,https://pncp.gov.br/api/consulta/v1/contratacoes/publicacao?cnpj=71000731000185,PNCP_API_CONSULTA,Médio (Específico da Entidade)
27,HLH ASSESSORIA E CONSULTORIA LTDA,02.915.196/0001-70,2021-08-17,Software House / GovTech ERP Municipal,Multi-esfera / Municipal,Multi-UF,Provedor Integrado via API PNCP,https://pncp.gov.br/app/editais?q=&status=recebendo_proposta&orgao=02915196000170,https://pncp.gov.br/api/consulta/v1/contratacoes/publicacao?cnpj=02915196000170,PNCP_API_CONSULTA,Médio (Específico da Entidade)
28,TRIBUNAL DE CONTAS DO ESTADO DO ESPÍRITO SANTO,28.483.014/0001-22,2021-08-20,Órgão de Controle / Tribunal de Contas,Estadual,ES,TCE-ES Compras,https://tcees.tc.br,https://pncp.gov.br/api/consulta/v1/contratacoes/publicacao?cnpj=28483014000122,SISTEMA_CONTROLE,Médio (ES)
30,ASCONTECH SOLUTIONS,33.611.861/0001-65,2021-08-20,Software House / GovTech ERP Municipal,Multi-esfera / Municipal,Multi-UF,Provedor Integrado via API PNCP,https://pncp.gov.br/app/editais?q=&status=recebendo_proposta&orgao=33611861000165,https://pncp.gov.br/api/consulta/v1/contratacoes/publicacao?cnpj=33611861000165,PNCP_API_CONSULTA,Médio (Específico da Entidade)
32,CENTRAL DE COMPRAS DA PARAÍBA/PB,08.761.140/0001-94,2021-08-20,Governo Estadual / Secretaria Central,Estadual,PB,Central de Compras PB,https://centraldecompras.pb.gov.br,https://pncp.gov.br/api/consulta/v1/contratacoes/publicacao?cnpj=08761140000194,WEB_PORTAL,Alto (Estado da Paraíba)
34,ABASE SISTEMAS,93.088.649/0001-97,2021-08-25,Software House / GovTech ERP Municipal,Multi-esfera / Municipal,Multi-UF,Provedor Integrado via API PNCP,https://pncp.gov.br/app/editais?q=&status=recebendo_proposta&orgao=93088649000197,https://pncp.gov.br/api/consulta/v1/contratacoes/publicacao?cnpj=93088649000197,PNCP_API_CONSULTA,Médio (Específico da Entidade)
35,CENTRO ELETRÔNICO BANCÁRIO INDUSTRIAL LTDA,59.302.711/0001-63,2021-08-26,Software House / GovTech ERP Municipal,Multi-esfera / Municipal,Multi-UF,Provedor Integrado via API PNCP,https://pncp.gov.br/app/editais?q=&status=recebendo_proposta&orgao=59302711000163,https://pncp.gov.br/api/consulta/v1/contratacoes/publicacao?cnpj=59302711000163,PNCP_API_CONSULTA,Médio (Específico da Entidade)
36,CONTRATOS.GOV.BR,00.394.460/0001-41,2021-09-06,Governo Federal,Federal,Nacional,SIASG / Compras.gov.br API,https://compras.gov.br,https://pncp.gov.br/api/consulta/v1/contratacoes/publicacao?cnpj=00394460000141,API_REST_OFICIAL,Altíssimo (Federal + centenas de municípios)
39,COPLAN - CONSULTORIA E PLANEJAMENTO EIRELI,07.281.368/0001-14,2021-09-09,Software House / GovTech ERP Municipal,Multi-esfera / Municipal,Multi-UF,Provedor Integrado via API PNCP,https://pncp.gov.br/app/editais?q=&status=recebendo_proposta&orgao=07281368000114,https://pncp.gov.br/api/consulta/v1/contratacoes/publicacao?cnpj=07281368000114,PNCP_API_CONSULTA,Médio (Específico da Entidade)
40,LICITAÇÕES-E BB,00.000.000/0001-91,2021-09-14,Plataforma / Bolsa de Compras Privada,Multi-esfera / Nacional,Nacional,Licitações-e (Banco do Brasil),https://www.licitacoes-e.com.br,https://pncp.gov.br/api/consulta/v1/contratacoes/publicacao?cnpj=00000000000191,WEB_PORTAL / API,Altíssimo (Nacional)
41,ELOTECH GESTÃO PÚBLICA LTDA,80.896.194/0001-94,2021-09-20,Software House / GovTech ERP Municipal,Multi-esfera / Municipal,PR,Elotech Gestão Pública,https://www.elotech.com.br,https://pncp.gov.br/api/consulta/v1/contratacoes/publicacao?cnpj=80896194000194,ERP_GOVTECH_API,Alto (Região Sul)
42,4R TECNOLOGIA DA INFORMAÇÃO LTDA,36.729.529/0001-98,2021-09-22,Software House / GovTech ERP Municipal,Multi-esfera / Municipal,Multi-UF,Provedor Integrado via API PNCP,https://pncp.gov.br/app/editais?q=&status=recebendo_proposta&orgao=36729529000198,https://pncp.gov.br/api/consulta/v1/contratacoes/publicacao?cnpj=36729529000198,PNCP_API_CONSULTA,Médio (Específico da Entidade)
43,ESCAL EMPRESA DE SERVIÇOS DE CONTABILIDADE E ASSESSORIA LTDA,18.272.880/0001-10,2021-10-03,Software House / GovTech ERP Municipal,Multi-esfera / Municipal,Multi-UF,Provedor Integrado via API PNCP,https://pncp.gov.br/app/editais?q=&status=recebendo_proposta&orgao=18272880000110,https://pncp.gov.br/api/consulta/v1/contratacoes/publicacao?cnpj=18272880000110,PNCP_API_CONSULTA,Médio (Específico da Entidade)
45,PÚBLICA TECNOLOGIA,95.836.771/0001-20,2021-10-03,Software House / GovTech ERP Municipal,Multi-esfera / Municipal,Multi-UF,Provedor Integrado via API PNCP,https://pncp.gov.br/app/editais?q=&status=recebendo_proposta&orgao=95836771000120,https://pncp.gov.br/api/consulta/v1/contratacoes/publicacao?cnpj=95836771000120,PNCP_API_CONSULTA,Médio (Específico da Entidade)
46,CENTI,14.419.896/0001-52,2021-10-03,Software House / GovTech ERP Municipal,Multi-esfera / Municipal,GO,Centi Sistemas,https://centi.com.br,https://pncp.gov.br/api/consulta/v1/contratacoes/publicacao?cnpj=14419896000152,ERP_GOVTECH_API,Alto (Centro-Oeste)
51,SECRETARIA DO PLANEJAMENTO E GESTÃO DO CEARÁ,08.691.976/0001-60,2021-10-15,Governo Estadual / Secretaria Central,Estadual,CE,SEPLAG Ceará,https://licitacoes.ce.gov.br,https://pncp.gov.br/api/consulta/v1/contratacoes/publicacao?cnpj=08691976000160,WEB_PORTAL,Alto (Estado do Ceará)
53,TRIBUNAL DE JUSTIÇA DE MATO GROSSO,03.535.606/0001-10,2021-10-19,Poder Judiciário / Funções Essenciais,Estadual,Estadual,Provedor Integrado via API PNCP,https://pncp.gov.br/app/editais?q=&status=recebendo_proposta&orgao=03535606000110,https://pncp.gov.br/api/consulta/v1/contratacoes/publicacao?cnpj=03535606000110,PNCP_API_CONSULTA,Médio (Específico da Entidade)
54,DIRETRIZ INFORMATICA EIRELI,22.493.902/0001-40,2021-10-19,Software House / GovTech ERP Municipal,Multi-esfera / Municipal,Multi-UF,Provedor Integrado via API PNCP,https://pncp.gov.br/app/editais?q=&status=recebendo_proposta&orgao=22493902000140,https://pncp.gov.br/api/consulta/v1/contratacoes/publicacao?cnpj=22493902000140,PNCP_API_CONSULTA,Médio (Específico da Entidade)
55,IPM SISTEMAS,01.258.027/0001-41,2021-10-19,Software House / GovTech ERP Municipal,Multi-esfera / Municipal,SC,IPM Sistemas (Atende.Net),https://www.ipm.com.br,https://pncp.gov.br/api/consulta/v1/contratacoes/publicacao?cnpj=01258027000141,ERP_GOVTECH_API,Altíssimo (Centenas de prefeituras)
56,TRIBUNAL DE JUSTIÇA DO ESTADO DO PARANÁ,77.821.841/0001-94,2021-10-19,Poder Judiciário / Funções Essenciais,Estadual,PR,TJPR Licitações,https://tjpr.jus.br,https://pncp.gov.br/api/consulta/v1/contratacoes/publicacao?cnpj=77821841000194,PORTAL_JUDICIARIO,Alto (TJPR)
57,MEGASOFT INFORMÁTICA,37.615.788/0001-50,2021-10-19,Software House / GovTech ERP Municipal,Multi-esfera / Municipal,GO,Megasoft Informática,https://www.megasoft.com.br,https://pncp.gov.br/api/consulta/v1/contratacoes/publicacao?cnpj=37615788000150,ERP_GOVTECH_API,Alto (Centro-Oeste)
58,SECRETARIA DE ADMINISTRAÇÃO DO ESTADO DE PERNAMBUCO,10.572.022/0001-80,2021-10-19,Governo Estadual / Secretaria Central,Estadual,PE,PE Integrado (SAD PE),https://peintegrado.pe.gov.br,https://pncp.gov.br/api/consulta/v1/contratacoes/publicacao?cnpj=10572022000180,WEB_PORTAL,Alto (Estado de Pernambuco)
59,IBDM MODERNIZAÇÃO ASSESSORIA E CONSULTORIA,10.442.698/0001-59,2021-11-15,Software House / GovTech ERP Municipal,Multi-esfera / Municipal,Multi-UF,Provedor Integrado via API PNCP,https://pncp.gov.br/app/editais?q=&status=recebendo_proposta&orgao=10442698000159,https://pncp.gov.br/api/consulta/v1/contratacoes/publicacao?cnpj=10442698000159,PNCP_API_CONSULTA,Médio (Específico da Entidade)
63,"CECAM - CONSULTORIA ECONÔMICA, CONTÁBIL E ADMINISTRATIVA MUNICIPAL",00.626.646/0001-89,2021-11-15,Software House / GovTech ERP Municipal,Multi-esfera / Municipal,Multi-UF,Provedor Integrado via API PNCP,https://pncp.gov.br/app/editais?q=&status=recebendo_proposta&orgao=00626646000189,https://pncp.gov.br/api/consulta/v1/contratacoes/publicacao?cnpj=00626646000189,PNCP_API_CONSULTA,Médio (Específico da Entidade)
64,TRIBUNAL DE JUSTIÇA DO ESTADO DE SÃO PAULO TJSP,51.174.001/0001-93,2021-11-15,Poder Judiciário / Funções Essenciais,Estadual,SP,TJSP Licitações,https://tjsp.jus.br,https://pncp.gov.br/api/consulta/v1/contratacoes/publicacao?cnpj=51174001000193,PORTAL_JUDICIARIO,Alto (TJSP)
67,DBSELLER SERVIÇOS DE INFORMÁTICA,05.238.851/0001-90,2021-11-15,Software House / GovTech ERP Municipal,Multi-esfera / Municipal,Multi-UF,Provedor Integrado via API PNCP,https://pncp.gov.br/app/editais?q=&status=recebendo_proposta&orgao=05238851000190,https://pncp.gov.br/api/consulta/v1/contratacoes/publicacao?cnpj=05238851000190,PNCP_API_CONSULTA,Médio (Específico da Entidade)
70,CREA-PR,76.639.384/0001-59,2021-11-28,Conselho Profissional,Federal,Nacional,Provedor Integrado via API PNCP,https://pncp.gov.br/app/editais?q=&status=recebendo_proposta&orgao=76639384000159,https://pncp.gov.br/api/consulta/v1/contratacoes/publicacao?cnpj=76639384000159,PNCP_API_CONSULTA,Médio (Específico da Entidade)
73,EI SOLUÇÕES INTELIGENTES,11.626.937/0001-93,2021-11-28,Software House / GovTech ERP Municipal,Multi-esfera / Municipal,Multi-UF,Provedor Integrado via API PNCP,https://pncp.gov.br/app/editais?q=&status=recebendo_proposta&orgao=11626937000193,https://pncp.gov.br/api/consulta/v1/contratacoes/publicacao?cnpj=11626937000193,PNCP_API_CONSULTA,Médio (Específico da Entidade)
77,LICITACON - TCE-RS,89.550.032/0001-74,2021-12-10,Órgão de Controle / Tribunal de Contas,Estadual,RS,Licitacon (TCE-RS),https://portal.tce.rs.gov.br/licitacon/,https://pncp.gov.br/api/consulta/v1/contratacoes/publicacao?cnpj=89550032000174,SISTEMA_CONTROLE,Alto (Todo o RS)
80,ELMAR TECNOLOGIA,09.164.369/0001-04,2022-02-14,Software House / GovTech ERP Municipal,Multi-esfera / Municipal,Multi-UF,Provedor Integrado via API PNCP,https://pncp.gov.br/app/editais?q=&status=recebendo_proposta&orgao=09164369000104,https://pncp.gov.br/api/consulta/v1/contratacoes/publicacao?cnpj=09164369000104,PNCP_API_CONSULTA,Médio (Específico da Entidade)
81,PRODATA INFORMÁTICA,02.744.987/0001-84,2022-03-02,Software House / GovTech ERP Municipal,Multi-esfera / Municipal,Multi-UF,Provedor Integrado via API PNCP,https://pncp.gov.br/app/editais?q=&status=recebendo_proposta&orgao=02744987000184,https://pncp.gov.br/api/consulta/v1/contratacoes/publicacao?cnpj=02744987000184,PNCP_API_CONSULTA,Médio (Específico da Entidade)
82,GOVERNANÇABRASIL TECNOLOGIA E GESTÃO EM SERVIÇOS,00.165.960/0001-01,2022-03-02,Software House / GovTech ERP Municipal,Multi-esfera / Municipal,RS,GovernançaBrasil (GovBR),https://www.govbr.com.br,https://pncp.gov.br/api/consulta/v1/contratacoes/publicacao?cnpj=00165960000101,ERP_GOVTECH_API,Altíssimo (Nacional)
83,FIORILLI SOFTWARE,01.704.233/0001-38,2022-03-24,Software House / GovTech ERP Municipal,Multi-esfera / Municipal,SP,Fiorilli Software (SCPI / SIAFEM),https://www.fiorilli.com.br,https://pncp.gov.br/api/consulta/v1/contratacoes/publicacao?cnpj=01704233000138,ERP_GOVTECH_API,Altíssimo (Centenas de prefeituras)
84,BETHA SISTEMAS,00.456.865/0001-67,2022-03-24,Software House / GovTech ERP Municipal,Multi-esfera / Municipal,SC,Betha Sistemas (Fly Compras / e-Nota),https://www.betha.com.br,https://pncp.gov.br/api/consulta/v1/contratacoes/publicacao?cnpj=00456865000167,ERP_GOVTECH_API,Altíssimo (Centenas de prefeituras)
85,GRUPO ASSESSOR,04.334.666/0001-37,2022-04-01,Software House / GovTech ERP Municipal,Multi-esfera / Municipal,Multi-UF,Provedor Integrado via API PNCP,https://pncp.gov.br/app/editais?q=&status=recebendo_proposta&orgao=04334666000137,https://pncp.gov.br/api/consulta/v1/contratacoes/publicacao?cnpj=04334666000137,PNCP_API_CONSULTA,Médio (Específico da Entidade)
86,MUNICÍPIO DE AÇAILÂNDIA,07.000.268/0001-72,2022-05-05,Prefeitura / Poder Executivo Municipal,Municipal,Municipal,Provedor Integrado via API PNCP,https://pncp.gov.br/app/editais?q=&status=recebendo_proposta&orgao=07000268000172,https://pncp.gov.br/api/consulta/v1/contratacoes/publicacao?cnpj=07000268000172,PNCP_API_CONSULTA,Médio (Específico da Entidade)
87,FUNDAÇÃO BUTANTAN,61.189.445/0001-56,2022-05-10,Autarquia / Empresa Pública / Fundação / Consórcio,Estadual / Municipal,Local,Provedor Integrado via API PNCP,https://pncp.gov.br/app/editais?q=&status=recebendo_proposta&orgao=61189445000156,https://pncp.gov.br/api/consulta/v1/contratacoes/publicacao?cnpj=61189445000156,PNCP_API_CONSULTA,Médio (Específico da Entidade)
88,M2A TECNOLOGIA,19.337.907/0001-79,2022-05-17,Software House / GovTech ERP Municipal,Multi-esfera / Municipal,Multi-UF,Provedor Integrado via API PNCP,https://pncp.gov.br/app/editais?q=&status=recebendo_proposta&orgao=19337907000179,https://pncp.gov.br/api/consulta/v1/contratacoes/publicacao?cnpj=19337907000179,PNCP_API_CONSULTA,Médio (Específico da Entidade)
89,LICITA + BRASIL,42.342.559/0001-40,2022-06-10,Entidade Pública / Municipal,Municipal,Local,Provedor Integrado via API PNCP,https://pncp.gov.br/app/editais?q=&status=recebendo_proposta&orgao=42342559000140,https://pncp.gov.br/api/consulta/v1/contratacoes/publicacao?cnpj=42342559000140,PNCP_API_CONSULTA,Médio (Específico da Entidade)
90,NOVO BBMNET LICITAÇÕES,05.342.088/0001-43,2022-06-17,Plataforma / Bolsa de Compras Privada,Multi-esfera / Nacional,Nacional,BBMNet Licitações (Bolsa Brasileira de Mercadorias),https://bbmnetlicitacoes.com.br,https://pncp.gov.br/api/consulta/v1/contratacoes/publicacao?cnpj=05342088000143,WEB_PORTAL / API,Altíssimo (Nacional)
91,SECRETARIA DE ESTADO DA ADMINISTRAÇÃO E DA PREVIDÊNCIA DO ESTADO DO PARANÁ - SEAP-PR,77.071.579/0001-08,2022-06-17,Governo Estadual / Secretaria Central,Estadual,Estadual,Provedor Integrado via API PNCP,https://pncp.gov.br/app/editais?q=&status=recebendo_proposta&orgao=77071579000108,https://pncp.gov.br/api/consulta/v1/contratacoes/publicacao?cnpj=77071579000108,PNCP_API_CONSULTA,Médio (Específico da Entidade)
92,ACADEMIA DE GESTÃO PÚBLICA S/A,10.532.822/0001-77,2022-07-04,Software House / GovTech ERP Municipal,Multi-esfera / Municipal,Multi-UF,Provedor Integrado via API PNCP,https://pncp.gov.br/app/editais?q=&status=recebendo_proposta&orgao=10532822000177,https://pncp.gov.br/api/consulta/v1/contratacoes/publicacao?cnpj=10532822000177,PNCP_API_CONSULTA,Médio (Específico da Entidade)
93,TRIBUNAL DE JUSTIÇA DO ESTADO DO RIO DE JANEIRO,28.538.734/0001-48,2022-07-29,Poder Judiciário / Funções Essenciais,Estadual,Estadual,Provedor Integrado via API PNCP,https://pncp.gov.br/app/editais?q=&status=recebendo_proposta&orgao=28538734000148,https://pncp.gov.br/api/consulta/v1/contratacoes/publicacao?cnpj=28538734000148,PNCP_API_CONSULTA,Médio (Específico da Entidade)
94,SIGEP - SISTEMAS INTEGRADOS,04.294.699/0001-09,2022-08-01,Software House / GovTech ERP Municipal,Multi-esfera / Municipal,Multi-UF,Provedor Integrado via API PNCP,https://pncp.gov.br/app/editais?q=&status=recebendo_proposta&orgao=04294699000109,https://pncp.gov.br/api/consulta/v1/contratacoes/publicacao?cnpj=04294699000109,PNCP_API_CONSULTA,Médio (Específico da Entidade)
96,BR CONECTADO,15.464.263/0001-29,2022-08-23,Entidade Pública / Municipal,Municipal,Local,Provedor Integrado via API PNCP,https://pncp.gov.br/app/editais?q=&status=recebendo_proposta&orgao=15464263000129,https://pncp.gov.br/api/consulta/v1/contratacoes/publicacao?cnpj=15464263000129,PNCP_API_CONSULTA,Médio (Específico da Entidade)
98,TECTRILHA INFORMÁTICA LTDA EPP,05.565.222/0001-75,2022-09-21,Software House / GovTech ERP Municipal,Multi-esfera / Municipal,Multi-UF,Provedor Integrado via API PNCP,https://pncp.gov.br/app/editais?q=&status=recebendo_proposta&orgao=05565222000175,https://pncp.gov.br/api/consulta/v1/contratacoes/publicacao?cnpj=05565222000175,PNCP_API_CONSULTA,Médio (Específico da Entidade)
99,INSTITUTO MUNICIPAL DE ADMINISTRAÇÃO PÚBLICA - IMAP,05.277.208/0001-76,2022-10-05,Entidade Pública / Municipal,Municipal,Local,Provedor Integrado via API PNCP,https://pncp.gov.br/app/editais?q=&status=recebendo_proposta&orgao=05277208000176,https://pncp.gov.br/api/consulta/v1/contratacoes/publicacao?cnpj=05277208000176,PNCP_API_CONSULTA,Médio (Específico da Entidade)
100,TECNOSWEB - TECNOLOGIA DE GESTÃO,09.310.477/0001-48,2022-10-06,Software House / GovTech ERP Municipal,Multi-esfera / Municipal,Multi-UF,Provedor Integrado via API PNCP,https://pncp.gov.br/app/editais?q=&status=recebendo_proposta&orgao=09310477000148,https://pncp.gov.br/api/consulta/v1/contratacoes/publicacao?cnpj=09310477000148,PNCP_API_CONSULTA,Médio (Específico da Entidade)
101,CONTRATOSGOV SISTEMAS,40.628.906/0001-70,2022-10-26,Software House / GovTech ERP Municipal,Multi-esfera / Municipal,Multi-UF,Provedor Integrado via API PNCP,https://pncp.gov.br/app/editais?q=&status=recebendo_proposta&orgao=40628906000170,https://pncp.gov.br/api/consulta/v1/contratacoes/publicacao?cnpj=40628906000170,PNCP_API_CONSULTA,Médio (Específico da Entidade)
102,SMARAPD INFORMATICA LTDA,50.735.505/0001-72,2022-11-03,Software House / GovTech ERP Municipal,Multi-esfera / Municipal,Multi-UF,Provedor Integrado via API PNCP,https://pncp.gov.br/app/editais?q=&status=recebendo_proposta&orgao=50735505000172,https://pncp.gov.br/api/consulta/v1/contratacoes/publicacao?cnpj=50735505000172,PNCP_API_CONSULTA,Médio (Específico da Entidade)
103,TRIBUNAL REGIONAL FEDERAL DA 3ª REGIÃO,59.949.362/0001-76,2022-11-29,Entidade Pública / Municipal,Municipal,Local,Provedor Integrado via API PNCP,https://pncp.gov.br/app/editais?q=&status=recebendo_proposta&orgao=59949362000176,https://pncp.gov.br/api/consulta/v1/contratacoes/publicacao?cnpj=59949362000176,PNCP_API_CONSULTA,Médio (Específico da Entidade)
104,MUNICÍPIO DE CURITIBA,76.417.005/0001-86,2022-11-29,Prefeitura / Poder Executivo Municipal,Municipal,Municipal,Provedor Integrado via API PNCP,https://pncp.gov.br/app/editais?q=&status=recebendo_proposta&orgao=76417005000186,https://pncp.gov.br/api/consulta/v1/contratacoes/publicacao?cnpj=76417005000186,PNCP_API_CONSULTA,Médio (Específico da Entidade)
105,TRIBUNAL DE JUSTIÇA DO ESTADO DO CEARÁ,09.444.530/0001-01,2022-12-12,Poder Judiciário / Funções Essenciais,Estadual,Estadual,Provedor Integrado via API PNCP,https://pncp.gov.br/app/editais?q=&status=recebendo_proposta&orgao=09444530000101,https://pncp.gov.br/api/consulta/v1/contratacoes/publicacao?cnpj=09444530000101,PNCP_API_CONSULTA,Médio (Específico da Entidade)
106,SISTEMA CONTRATOS SJES,05.424.467/0001-82,2022-12-12,Entidade Pública / Municipal,Municipal,Local,Provedor Integrado via API PNCP,https://pncp.gov.br/app/editais?q=&status=recebendo_proposta&orgao=05424467000182,https://pncp.gov.br/api/consulta/v1/contratacoes/publicacao?cnpj=05424467000182,PNCP_API_CONSULTA,Médio (Específico da Entidade)
107,INSTAR TECNOLOGIA EM INFORMÁTICA,08.225.893/0001-85,2022-12-14,Software House / GovTech ERP Municipal,Multi-esfera / Municipal,Multi-UF,Provedor Integrado via API PNCP,https://pncp.gov.br/app/editais?q=&status=recebendo_proposta&orgao=08225893000185,https://pncp.gov.br/api/consulta/v1/contratacoes/publicacao?cnpj=08225893000185,PNCP_API_CONSULTA,Médio (Específico da Entidade)
108,CÂMARA MUNICIPAL DE BELO HORIZONTE,17.316.563/0001-96,2022-12-21,Câmara / Poder Legislativo Municipal,Municipal,Municipal,Provedor Integrado via API PNCP,https://pncp.gov.br/app/editais?q=&status=recebendo_proposta&orgao=17316563000196,https://pncp.gov.br/api/consulta/v1/contratacoes/publicacao?cnpj=17316563000196,PNCP_API_CONSULTA,Médio (Específico da Entidade)
109,STS INFORMATICA LTDA / STS INFORMATICA,73.726.333/0001-76,2022-12-21,Software House / GovTech ERP Municipal,Multi-esfera / Municipal,Multi-UF,Provedor Integrado via API PNCP,https://pncp.gov.br/app/editais?q=&status=recebendo_proposta&orgao=73726333000176,https://pncp.gov.br/api/consulta/v1/contratacoes/publicacao?cnpj=73726333000176,PNCP_API_CONSULTA,Médio (Específico da Entidade)
110,MUNICIPIO DE ESTEIO,88.150.495/0001-86,2022-12-21,Prefeitura / Poder Executivo Municipal,Municipal,Municipal,Provedor Integrado via API PNCP,https://pncp.gov.br/app/editais?q=&status=recebendo_proposta&orgao=88150495000186,https://pncp.gov.br/api/consulta/v1/contratacoes/publicacao?cnpj=88150495000186,PNCP_API_CONSULTA,Médio (Específico da Entidade)
111,TRIBUNAL DE JUSTIÇA DO ESTADO DO RIO GRANDE DO SUL,89.522.064/0001-66,2022-12-27,Poder Judiciário / Funções Essenciais,Estadual,Estadual,Provedor Integrado via API PNCP,https://pncp.gov.br/app/editais?q=&status=recebendo_proposta&orgao=89522064000166,https://pncp.gov.br/api/consulta/v1/contratacoes/publicacao?cnpj=89522064000166,PNCP_API_CONSULTA,Médio (Específico da Entidade)
112,TRIBUNAL DE CONTAS DO DISTRITO FEDERAL,00.534.560/0001-26,2022-12-28,Órgão de Controle / Tribunal de Contas,Estadual,Estadual,Provedor Integrado via API PNCP,https://pncp.gov.br/app/editais?q=&status=recebendo_proposta&orgao=00534560000126,https://pncp.gov.br/api/consulta/v1/contratacoes/publicacao?cnpj=00534560000126,PNCP_API_CONSULTA,Médio (Específico da Entidade)
113,MINISTÉRIO PÚBLICO DO ESTADO DO RIO GRANDE DO SUL,93.802.833/0001-57,2022-12-28,Poder Judiciário / Funções Essenciais,Estadual,Estadual,Provedor Integrado via API PNCP,https://pncp.gov.br/app/editais?q=&status=recebendo_proposta&orgao=93802833000157,https://pncp.gov.br/api/consulta/v1/contratacoes/publicacao?cnpj=93802833000157,PNCP_API_CONSULTA,Médio (Específico da Entidade)
114,SLICX - RAC ASSESSORIA,07.315.552/0001-38,2023-01-11,Entidade Pública / Municipal,Municipal,Local,Provedor Integrado via API PNCP,https://pncp.gov.br/app/editais?q=&status=recebendo_proposta&orgao=07315552000138,https://pncp.gov.br/api/consulta/v1/contratacoes/publicacao?cnpj=07315552000138,PNCP_API_CONSULTA,Médio (Específico da Entidade)
115,REIS & LOPES CONTABILIDADE E SISTEMAS DE INFORMAÇÃO LTDA / REIS & LOPES ASSESSORIA E SISTEMAS,26.366.373/0001-74,2023-01-20,Software House / GovTech ERP Municipal,Multi-esfera / Municipal,Multi-UF,Provedor Integrado via API PNCP,https://pncp.gov.br/app/editais?q=&status=recebendo_proposta&orgao=26366373000174,https://pncp.gov.br/api/consulta/v1/contratacoes/publicacao?cnpj=26366373000174,PNCP_API_CONSULTA,Médio (Específico da Entidade)
116,SELCORP LICITAÇÕES S/A,29.945.708/0001-05,2023-01-24,Plataforma / Bolsa de Compras Privada,Multi-esfera / Nacional,Nacional,Provedor Integrado via API PNCP,https://pncp.gov.br/app/editais?q=&status=recebendo_proposta&orgao=29945708000105,https://pncp.gov.br/api/consulta/v1/contratacoes/publicacao?cnpj=29945708000105,PNCP_API_CONSULTA,Médio (Específico da Entidade)
117,TRIBUNAL DE JUSTIÇA DO MARANHÃO,05.288.790/0001-76,2023-01-26,Poder Judiciário / Funções Essenciais,Estadual,Estadual,Provedor Integrado via API PNCP,https://pncp.gov.br/app/editais?q=&status=recebendo_proposta&orgao=05288790000176,https://pncp.gov.br/api/consulta/v1/contratacoes/publicacao?cnpj=05288790000176,PNCP_API_CONSULTA,Médio (Específico da Entidade)
118,J J S SILVA -  MULTIPUBLIK,21.784.056/0001-54,2023-02-02,Entidade Pública / Municipal,Municipal,Local,Provedor Integrado via API PNCP,https://pncp.gov.br/app/editais?q=&status=recebendo_proposta&orgao=21784056000154,https://pncp.gov.br/api/consulta/v1/contratacoes/publicacao?cnpj=21784056000154,PNCP_API_CONSULTA,Médio (Específico da Entidade)
119,SISLOG - SISTEMA DE LOGÍSTICA DE GOIÁS,02.476.034/0001-82,2023-02-02,Entidade Pública / Municipal,Municipal,Local,Provedor Integrado via API PNCP,https://pncp.gov.br/app/editais?q=&status=recebendo_proposta&orgao=02476034000182,https://pncp.gov.br/api/consulta/v1/contratacoes/publicacao?cnpj=02476034000182,PNCP_API_CONSULTA,Médio (Específico da Entidade)
120,LEMOS E MARQUES LTDA / LEMARQ SOFTWARE,01.243.220/0001-09,2023-02-17,Software House / GovTech ERP Municipal,Multi-esfera / Municipal,Multi-UF,Provedor Integrado via API PNCP,https://pncp.gov.br/app/editais?q=&status=recebendo_proposta&orgao=01243220000109,https://pncp.gov.br/api/consulta/v1/contratacoes/publicacao?cnpj=01243220000109,PNCP_API_CONSULTA,Médio (Específico da Entidade)
121,SH3 INFORMÁTICA LTDA.,01.264.892/0001-09,2023-02-17,Software House / GovTech ERP Municipal,Multi-esfera / Municipal,Multi-UF,Provedor Integrado via API PNCP,https://pncp.gov.br/app/editais?q=&status=recebendo_proposta&orgao=01264892000109,https://pncp.gov.br/api/consulta/v1/contratacoes/publicacao?cnpj=01264892000109,PNCP_API_CONSULTA,Médio (Específico da Entidade)
122,SANTA CATARINA TRIBUNAL DE JUSTIÇA/TRIBUNAL DE JUSTIÇA DO ESTADO DE SANTA CATARINA,83.845.701/0001-59,2023-02-17,Poder Judiciário / Funções Essenciais,Estadual,Estadual,Provedor Integrado via API PNCP,https://pncp.gov.br/app/editais?q=&status=recebendo_proposta&orgao=83845701000159,https://pncp.gov.br/api/consulta/v1/contratacoes/publicacao?cnpj=83845701000159,PNCP_API_CONSULTA,Médio (Específico da Entidade)
123,MUNICÍPIO DE NÃO-ME-TOQUE,87.613.519/0001-23,2023-02-17,Prefeitura / Poder Executivo Municipal,Municipal,Municipal,Provedor Integrado via API PNCP,https://pncp.gov.br/app/editais?q=&status=recebendo_proposta&orgao=87613519000123,https://pncp.gov.br/api/consulta/v1/contratacoes/publicacao?cnpj=87613519000123,PNCP_API_CONSULTA,Médio (Específico da Entidade)
124,CÂMARA MUNICIPAL DE PIRACICABA,51.327.708/0001-92,2023-02-17,Câmara / Poder Legislativo Municipal,Municipal,Municipal,Provedor Integrado via API PNCP,https://pncp.gov.br/app/editais?q=&status=recebendo_proposta&orgao=51327708000192,https://pncp.gov.br/api/consulta/v1/contratacoes/publicacao?cnpj=51327708000192,PNCP_API_CONSULTA,Médio (Específico da Entidade)
125,4R SISTEMAS E ASSESSORIA LTDA,05.081.873/0001-90,2023-02-17,Software House / GovTech ERP Municipal,Multi-esfera / Municipal,Multi-UF,Provedor Integrado via API PNCP,https://pncp.gov.br/app/editais?q=&status=recebendo_proposta&orgao=05081873000190,https://pncp.gov.br/api/consulta/v1/contratacoes/publicacao?cnpj=05081873000190,PNCP_API_CONSULTA,Médio (Específico da Entidade)
126,ASSEMBLEIA LEGISLATIVA DO ESTADO DE GOIÁS,02.474.419/0001-00,2023-02-17,Governo Estadual / Secretaria Central,Estadual,Estadual,Provedor Integrado via API PNCP,https://pncp.gov.br/app/editais?q=&status=recebendo_proposta&orgao=02474419000100,https://pncp.gov.br/api/consulta/v1/contratacoes/publicacao?cnpj=02474419000100,PNCP_API_CONSULTA,Médio (Específico da Entidade)
127,RESOFT CONSULTORIA E ASSESSORIA EM INFORMÁTICA LTDA,00.892.248/0001-04,2023-02-17,Software House / GovTech ERP Municipal,Multi-esfera / Municipal,Multi-UF,Provedor Integrado via API PNCP,https://pncp.gov.br/app/editais?q=&status=recebendo_proposta&orgao=00892248000104,https://pncp.gov.br/api/consulta/v1/contratacoes/publicacao?cnpj=00892248000104,PNCP_API_CONSULTA,Médio (Específico da Entidade)
130,MUNICÍPIO SANTA CRUZ DO SUL,95.440.517/0001-08,2023-02-24,Prefeitura / Poder Executivo Municipal,Municipal,Municipal,Provedor Integrado via API PNCP,https://pncp.gov.br/app/editais?q=&status=recebendo_proposta&orgao=95440517000108,https://pncp.gov.br/api/consulta/v1/contratacoes/publicacao?cnpj=95440517000108,PNCP_API_CONSULTA,Médio (Específico da Entidade)
131,PROCERGS - CENTRO DE TECNOLOGIA DA INFORMACAO E COMUNICACAO DO ESTADO DO RIO GRANDE DO SUL S.A.,87.124.582/0001-04,2023-02-24,Governo Estadual / Secretaria Central,Estadual,Estadual,Provedor Integrado via API PNCP,https://pncp.gov.br/app/editais?q=&status=recebendo_proposta&orgao=87124582000104,https://pncp.gov.br/api/consulta/v1/contratacoes/publicacao?cnpj=87124582000104,PNCP_API_CONSULTA,Médio (Específico da Entidade)
132,OPEN TECNOLOGIA DA INFORMAÇÃO EIRELI,08.546.928/0001-88,2023-02-27,Software House / GovTech ERP Municipal,Multi-esfera / Municipal,Multi-UF,Provedor Integrado via API PNCP,https://pncp.gov.br/app/editais?q=&status=recebendo_proposta&orgao=08546928000188,https://pncp.gov.br/api/consulta/v1/contratacoes/publicacao?cnpj=08546928000188,PNCP_API_CONSULTA,Médio (Específico da Entidade)
133,CONAM CONSULTORIA EM ADMINISTRAÇÃO MUNICIPAL,51.235.448/0001-25,2023-03-01,Software House / GovTech ERP Municipal,Multi-esfera / Municipal,Multi-UF,Provedor Integrado via API PNCP,https://pncp.gov.br/app/editais?q=&status=recebendo_proposta&orgao=51235448000125,https://pncp.gov.br/api/consulta/v1/contratacoes/publicacao?cnpj=51235448000125,PNCP_API_CONSULTA,Médio (Específico da Entidade)
135,PÚBLICA TECNOLOGIA LTDA.,95.836.771/0001-20,2023-03-07,Software House / GovTech ERP Municipal,Multi-esfera / Municipal,Multi-UF,Provedor Integrado via API PNCP,https://pncp.gov.br/app/editais?q=&status=recebendo_proposta&orgao=95836771000120,https://pncp.gov.br/api/consulta/v1/contratacoes/publicacao?cnpj=95836771000120,PNCP_API_CONSULTA,Médio (Específico da Entidade)
136,CODERP - COMPANHIA DE DESENVOLVIMENTO ECONÔMICO DE RIBEIRÃO PRETO,45.254.950/0001-80,2023-03-13,Autarquia / Empresa Pública / Fundação / Consórcio,Estadual / Municipal,Local,Provedor Integrado via API PNCP,https://pncp.gov.br/app/editais?q=&status=recebendo_proposta&orgao=45254950000180,https://pncp.gov.br/api/consulta/v1/contratacoes/publicacao?cnpj=45254950000180,PNCP_API_CONSULTA,Médio (Específico da Entidade)
138,MUNICÍPIO DE GASPAR,83.102.244/0001-02,2023-03-13,Prefeitura / Poder Executivo Municipal,Municipal,Municipal,Provedor Integrado via API PNCP,https://pncp.gov.br/app/editais?q=&status=recebendo_proposta&orgao=83102244000102,https://pncp.gov.br/api/consulta/v1/contratacoes/publicacao?cnpj=83102244000102,PNCP_API_CONSULTA,Médio (Específico da Entidade)
139,EMBRAS - EMPRESA BRASILEIRA DE TECNOLOGIA LTDA,04.985.752/0001-00,2023-03-17,Software House / GovTech ERP Municipal,Multi-esfera / Municipal,Multi-UF,Provedor Integrado via API PNCP,https://pncp.gov.br/app/editais?q=&status=recebendo_proposta&orgao=04985752000100,https://pncp.gov.br/api/consulta/v1/contratacoes/publicacao?cnpj=04985752000100,PNCP_API_CONSULTA,Médio (Específico da Entidade)
141,SECRETARIA DE ESTADO DA ADMINISTRAÇÃO DE SANTA CATARINA,82.951.351/0001-42,2023-03-17,Governo Estadual / Secretaria Central,Estadual,Estadual,Provedor Integrado via API PNCP,https://pncp.gov.br/app/editais?q=&status=recebendo_proposta&orgao=82951351000142,https://pncp.gov.br/api/consulta/v1/contratacoes/publicacao?cnpj=82951351000142,PNCP_API_CONSULTA,Médio (Específico da Entidade)
142,IM PUBLICAÇÕES EIRELI,21.904.203/0001-82,2023-03-17,Software House / GovTech ERP Municipal,Multi-esfera / Municipal,Multi-UF,Provedor Integrado via API PNCP,https://pncp.gov.br/app/editais?q=&status=recebendo_proposta&orgao=21904203000182,https://pncp.gov.br/api/consulta/v1/contratacoes/publicacao?cnpj=21904203000182,PNCP_API_CONSULTA,Médio (Específico da Entidade)
143,SOFTDATA,04.901.772/0001-55,2023-03-17,Entidade Pública / Municipal,Municipal,Local,Provedor Integrado via API PNCP,https://pncp.gov.br/app/editais?q=&status=recebendo_proposta&orgao=04901772000155,https://pncp.gov.br/api/consulta/v1/contratacoes/publicacao?cnpj=04901772000155,PNCP_API_CONSULTA,Médio (Específico da Entidade)
144,JL ALVES GESTÃO,14.750.885/0001-50,2023-03-27,Entidade Pública / Municipal,Municipal,Local,Provedor Integrado via API PNCP,https://pncp.gov.br/app/editais?q=&status=recebendo_proposta&orgao=14750885000150,https://pncp.gov.br/api/consulta/v1/contratacoes/publicacao?cnpj=14750885000150,PNCP_API_CONSULTA,Médio (Específico da Entidade)
145,EMPRO TECNOLOGIA E INFORMACAO,01.312.003/0001-23,2023-03-27,Software House / GovTech ERP Municipal,Multi-esfera / Municipal,Multi-UF,Provedor Integrado via API PNCP,https://pncp.gov.br/app/editais?q=&status=recebendo_proposta&orgao=01312003000123,https://pncp.gov.br/api/consulta/v1/contratacoes/publicacao?cnpj=01312003000123,PNCP_API_CONSULTA,Médio (Específico da Entidade)
146,INFORMÁTICA DE MUNICÍPIOS ASSOCIADOS S/A – IMA,48.197.859/0001-69,2023-03-28,Prefeitura / Poder Executivo Municipal,Municipal,Municipal,Provedor Integrado via API PNCP,https://pncp.gov.br/app/editais?q=&status=recebendo_proposta&orgao=48197859000169,https://pncp.gov.br/api/consulta/v1/contratacoes/publicacao?cnpj=48197859000169,PNCP_API_CONSULTA,Médio (Específico da Entidade)
147,PREFEITURA DA CIDADE DO RECIFE,10.565.000/0001-92,2023-03-29,Prefeitura / Poder Executivo Municipal,Municipal,Municipal,Provedor Integrado via API PNCP,https://pncp.gov.br/app/editais?q=&status=recebendo_proposta&orgao=10565000000192,https://pncp.gov.br/api/consulta/v1/contratacoes/publicacao?cnpj=10565000000192,PNCP_API_CONSULTA,Médio (Específico da Entidade)
148,E & L PRODUCOES DE SOFTWARE LTDA,39.781.752/0001-72,2023-03-29,Software House / GovTech ERP Municipal,Multi-esfera / Municipal,Multi-UF,Provedor Integrado via API PNCP,https://pncp.gov.br/app/editais?q=&status=recebendo_proposta&orgao=39781752000172,https://pncp.gov.br/api/consulta/v1/contratacoes/publicacao?cnpj=39781752000172,PNCP_API_CONSULTA,Médio (Específico da Entidade)
149,PREFEITURA MUNICIPAL DE SANTO ANTÔNIO DA PATRULHA,88.814.199/0001-32,2023-03-29,Prefeitura / Poder Executivo Municipal,Municipal,Municipal,Provedor Integrado via API PNCP,https://pncp.gov.br/app/editais?q=&status=recebendo_proposta&orgao=88814199000132,https://pncp.gov.br/api/consulta/v1/contratacoes/publicacao?cnpj=88814199000132,PNCP_API_CONSULTA,Médio (Específico da Entidade)
150,LIBRE SOLUÇÕES EM TECNOLOGIA LTDA,05.200.012/0001-83,2023-03-29,Software House / GovTech ERP Municipal,Multi-esfera / Municipal,Multi-UF,Provedor Integrado via API PNCP,https://pncp.gov.br/app/editais?q=&status=recebendo_proposta&orgao=05200012000183,https://pncp.gov.br/api/consulta/v1/contratacoes/publicacao?cnpj=05200012000183,PNCP_API_CONSULTA,Médio (Específico da Entidade)
152,AGILI SOFTWARE BRASIL LTDA,26.804.377/0001-97,2023-03-29,Software House / GovTech ERP Municipal,Multi-esfera / Municipal,Multi-UF,Provedor Integrado via API PNCP,https://pncp.gov.br/app/editais?q=&status=recebendo_proposta&orgao=26804377000197,https://pncp.gov.br/api/consulta/v1/contratacoes/publicacao?cnpj=26804377000197,PNCP_API_CONSULTA,Médio (Específico da Entidade)
153,MINISTÉRIO PÚBLICO DA UNIÃO,26.989.715/0048-76,2023-03-29,Poder Judiciário / Funções Essenciais,Estadual,Estadual,Provedor Integrado via API PNCP,https://pncp.gov.br/app/editais?q=&status=recebendo_proposta&orgao=26989715004876,https://pncp.gov.br/api/consulta/v1/contratacoes/publicacao?cnpj=26989715004876,PNCP_API_CONSULTA,Médio (Específico da Entidade)
154,BAHIA SECRETARIA DA ADMINISTRACAO,13.323.274/0001-63,2023-03-29,Entidade Pública / Municipal,Municipal,Local,Provedor Integrado via API PNCP,https://pncp.gov.br/app/editais?q=&status=recebendo_proposta&orgao=13323274000163,https://pncp.gov.br/api/consulta/v1/contratacoes/publicacao?cnpj=13323274000163,PNCP_API_CONSULTA,Médio (Específico da Entidade)
155,CONTROLADORIA E OUVIDORIA GERAL DO MUNICÍPIO,83.522.863/0001-56,2023-03-30,Prefeitura / Poder Executivo Municipal,Municipal,Municipal,Provedor Integrado via API PNCP,https://pncp.gov.br/app/editais?q=&status=recebendo_proposta&orgao=83522863000156,https://pncp.gov.br/api/consulta/v1/contratacoes/publicacao?cnpj=83522863000156,PNCP_API_CONSULTA,Médio (Específico da Entidade)
156,MGCON SOLUÇÕES INTELIGENTES INFORMÁTICA LTDA. - EPP,08.208.680/0001-45,2023-03-30,Software House / GovTech ERP Municipal,Multi-esfera / Municipal,Multi-UF,Provedor Integrado via API PNCP,https://pncp.gov.br/app/editais?q=&status=recebendo_proposta&orgao=08208680000145,https://pncp.gov.br/api/consulta/v1/contratacoes/publicacao?cnpj=08208680000145,PNCP_API_CONSULTA,Médio (Específico da Entidade)
157,SERGIPE JUSTIÇA ESTADUAL DE SEGUNDA INSTÂNCIA,13.166.970/0001-03,2023-03-30,Entidade Pública / Municipal,Municipal,Local,Provedor Integrado via API PNCP,https://pncp.gov.br/app/editais?q=&status=recebendo_proposta&orgao=13166970000103,https://pncp.gov.br/api/consulta/v1/contratacoes/publicacao?cnpj=13166970000103,PNCP_API_CONSULTA,Médio (Específico da Entidade)
158,GCASPP CONSULTORIA CONTABIL E SISTEMAS LTDA,10.139.519/0001-09,2023-03-30,Software House / GovTech ERP Municipal,Multi-esfera / Municipal,Multi-UF,Provedor Integrado via API PNCP,https://pncp.gov.br/app/editais?q=&status=recebendo_proposta&orgao=10139519000109,https://pncp.gov.br/api/consulta/v1/contratacoes/publicacao?cnpj=10139519000109,PNCP_API_CONSULTA,Médio (Específico da Entidade)
159,NOVOSERV INFORMATICA LTDA EPP,68.162.858/0001-96,2023-03-30,Software House / GovTech ERP Municipal,Multi-esfera / Municipal,Multi-UF,Provedor Integrado via API PNCP,https://pncp.gov.br/app/editais?q=&status=recebendo_proposta&orgao=68162858000196,https://pncp.gov.br/api/consulta/v1/contratacoes/publicacao?cnpj=68162858000196,PNCP_API_CONSULTA,Médio (Específico da Entidade)
161,AVMB SOLUCOES EM TI LTDA / AVMB - SOLUCOES EM TI,03.486.598/0001-69,2023-03-30,Software House / GovTech ERP Municipal,Multi-esfera / Municipal,Multi-UF,Provedor Integrado via API PNCP,https://pncp.gov.br/app/editais?q=&status=recebendo_proposta&orgao=03486598000169,https://pncp.gov.br/api/consulta/v1/contratacoes/publicacao?cnpj=03486598000169,PNCP_API_CONSULTA,Médio (Específico da Entidade)
163,GE CONSULTORIA PUBLICA LTDA,08.621.541/0001-49,2023-03-31,Software House / GovTech ERP Municipal,Multi-esfera / Municipal,Multi-UF,Provedor Integrado via API PNCP,https://pncp.gov.br/app/editais?q=&status=recebendo_proposta&orgao=08621541000149,https://pncp.gov.br/api/consulta/v1/contratacoes/publicacao?cnpj=08621541000149,PNCP_API_CONSULTA,Médio (Específico da Entidade)
164,TRIBUNAL DE JUSTIÇA DO ESTADO DO ACRE,04.034.872/0001-21,2023-04-04,Poder Judiciário / Funções Essenciais,Estadual,Estadual,Provedor Integrado via API PNCP,https://pncp.gov.br/app/editais?q=&status=recebendo_proposta&orgao=04034872000121,https://pncp.gov.br/api/consulta/v1/contratacoes/publicacao?cnpj=04034872000121,PNCP_API_CONSULTA,Médio (Específico da Entidade)
165,SYSTEM DESENVOLVIMENTO DE SOFTWARE,90.868.787/0001-09,2023-04-06,Software House / GovTech ERP Municipal,Multi-esfera / Municipal,Multi-UF,Provedor Integrado via API PNCP,https://pncp.gov.br/app/editais?q=&status=recebendo_proposta&orgao=90868787000109,https://pncp.gov.br/api/consulta/v1/contratacoes/publicacao?cnpj=90868787000109,PNCP_API_CONSULTA,Médio (Específico da Entidade)
166,PREFEITURA MUNICIPAL DE LAJEADO,87.297.982/0001-03,2023-04-06,Prefeitura / Poder Executivo Municipal,Municipal,Municipal,Provedor Integrado via API PNCP,https://pncp.gov.br/app/editais?q=&status=recebendo_proposta&orgao=87297982000103,https://pncp.gov.br/api/consulta/v1/contratacoes/publicacao?cnpj=87297982000103,PNCP_API_CONSULTA,Médio (Específico da Entidade)
167,BR TRANSPARENCIA LTDA,42.872.659/0001-88,2023-04-06,Software House / GovTech ERP Municipal,Multi-esfera / Municipal,Multi-UF,Provedor Integrado via API PNCP,https://pncp.gov.br/app/editais?q=&status=recebendo_proposta&orgao=42872659000188,https://pncp.gov.br/api/consulta/v1/contratacoes/publicacao?cnpj=42872659000188,PNCP_API_CONSULTA,Médio (Específico da Entidade)
168,SISVETOR INFORMÁTICA LTDA,10.522.056/0001-60,2023-04-06,Software House / GovTech ERP Municipal,Multi-esfera / Municipal,Multi-UF,Provedor Integrado via API PNCP,https://pncp.gov.br/app/editais?q=&status=recebendo_proposta&orgao=10522056000160,https://pncp.gov.br/api/consulta/v1/contratacoes/publicacao?cnpj=10522056000160,PNCP_API_CONSULTA,Médio (Específico da Entidade)
169,TOP DOWN CONSULTORIA LTDA,40.998.734/0001-26,2023-04-17,Software House / GovTech ERP Municipal,Multi-esfera / Municipal,Multi-UF,Provedor Integrado via API PNCP,https://pncp.gov.br/app/editais?q=&status=recebendo_proposta&orgao=40998734000126,https://pncp.gov.br/api/consulta/v1/contratacoes/publicacao?cnpj=40998734000126,PNCP_API_CONSULTA,Médio (Específico da Entidade)
170,FINTEL SISTEMAS DE INFORMATICA LTDA,07.987.863/0001-43,2023-04-17,Software House / GovTech ERP Municipal,Multi-esfera / Municipal,Multi-UF,Provedor Integrado via API PNCP,https://pncp.gov.br/app/editais?q=&status=recebendo_proposta&orgao=07987863000143,https://pncp.gov.br/api/consulta/v1/contratacoes/publicacao?cnpj=07987863000143,PNCP_API_CONSULTA,Médio (Específico da Entidade)
171,STARTGOV SOLUCOES EM TECNOLOGIA LTDA,37.933.858/0001-19,2023-04-19,Software House / GovTech ERP Municipal,Multi-esfera / Municipal,Multi-UF,Provedor Integrado via API PNCP,https://pncp.gov.br/app/editais?q=&status=recebendo_proposta&orgao=37933858000119,https://pncp.gov.br/api/consulta/v1/contratacoes/publicacao?cnpj=37933858000119,PNCP_API_CONSULTA,Médio (Específico da Entidade)
172,DIGIFRED SISTEMAS DE INFORMAÇÃO LTDA,88.659.974/0001-22,2023-04-19,Software House / GovTech ERP Municipal,Multi-esfera / Municipal,Multi-UF,Provedor Integrado via API PNCP,https://pncp.gov.br/app/editais?q=&status=recebendo_proposta&orgao=88659974000122,https://pncp.gov.br/api/consulta/v1/contratacoes/publicacao?cnpj=88659974000122,PNCP_API_CONSULTA,Médio (Específico da Entidade)
173,IMPLANTA INFORMATICA LTDA,37.994.043/0001-40,2023-04-26,Software House / GovTech ERP Municipal,Multi-esfera / Municipal,Multi-UF,Provedor Integrado via API PNCP,https://pncp.gov.br/app/editais?q=&status=recebendo_proposta&orgao=37994043000140,https://pncp.gov.br/api/consulta/v1/contratacoes/publicacao?cnpj=37994043000140,PNCP_API_CONSULTA,Médio (Específico da Entidade)
174,EQUIPLANO SISTEMAS LTDA / EQUIPLANO SISTEMAS,76.030.717/0001-48,2023-04-27,Software House / GovTech ERP Municipal,Multi-esfera / Municipal,Multi-UF,Provedor Integrado via API PNCP,https://pncp.gov.br/app/editais?q=&status=recebendo_proposta&orgao=76030717000148,https://pncp.gov.br/api/consulta/v1/contratacoes/publicacao?cnpj=76030717000148,PNCP_API_CONSULTA,Médio (Específico da Entidade)
175,INOVEA TECNOLOGIA LTDA,09.484.316/0001-70,2023-04-27,Software House / GovTech ERP Municipal,Multi-esfera / Municipal,Multi-UF,Provedor Integrado via API PNCP,https://pncp.gov.br/app/editais?q=&status=recebendo_proposta&orgao=09484316000170,https://pncp.gov.br/api/consulta/v1/contratacoes/publicacao?cnpj=09484316000170,PNCP_API_CONSULTA,Médio (Específico da Entidade)
176,PROCEDE BAHIA PROCESSAMENTO E CERTIFICAÇÃO DE DOCUMENTOS ELETRÔNICOS,18.195.422/0001-25,2023-04-27,Software House / GovTech ERP Municipal,Multi-esfera / Municipal,Multi-UF,Provedor Integrado via API PNCP,https://pncp.gov.br/app/editais?q=&status=recebendo_proposta&orgao=18195422000125,https://pncp.gov.br/api/consulta/v1/contratacoes/publicacao?cnpj=18195422000125,PNCP_API_CONSULTA,Médio (Específico da Entidade)
177,CÂMARA MUNICIPAL DE MARTINHO CAMPOS,23.896.970/0001-12,2023-05-02,Câmara / Poder Legislativo Municipal,Municipal,Municipal,Provedor Integrado via API PNCP,https://pncp.gov.br/app/editais?q=&status=recebendo_proposta&orgao=23896970000112,https://pncp.gov.br/api/consulta/v1/contratacoes/publicacao?cnpj=23896970000112,PNCP_API_CONSULTA,Médio (Específico da Entidade)
178,QUALITY SISTEMAS LTDA,05.373.364/0001-30,2023-05-04,Software House / GovTech ERP Municipal,Multi-esfera / Municipal,Multi-UF,Provedor Integrado via API PNCP,https://pncp.gov.br/app/editais?q=&status=recebendo_proposta&orgao=05373364000130,https://pncp.gov.br/api/consulta/v1/contratacoes/publicacao?cnpj=05373364000130,PNCP_API_CONSULTA,Médio (Específico da Entidade)
179,PREFEITURA MUNICIPAL DE CAXIAS DO SUL,88.830.609/0001-39,2023-05-04,Prefeitura / Poder Executivo Municipal,Municipal,Municipal,Provedor Integrado via API PNCP,https://pncp.gov.br/app/editais?q=&status=recebendo_proposta&orgao=88830609000139,https://pncp.gov.br/api/consulta/v1/contratacoes/publicacao?cnpj=88830609000139,PNCP_API_CONSULTA,Médio (Específico da Entidade)
181,CIJUN - CIA. DE INFORMATICA DE JUNDIAI,67.237.644/0001-79,2023-05-09,Software House / GovTech ERP Municipal,Multi-esfera / Municipal,Multi-UF,Provedor Integrado via API PNCP,https://pncp.gov.br/app/editais?q=&status=recebendo_proposta&orgao=67237644000179,https://pncp.gov.br/api/consulta/v1/contratacoes/publicacao?cnpj=67237644000179,PNCP_API_CONSULTA,Médio (Específico da Entidade)
182,AGÊNCIA REGULADORA INTERMUNICIPAL DE SANEAMENTO,11.400.360/0001-05,2023-05-11,Autarquia / Empresa Pública / Fundação / Consórcio,Estadual / Municipal,Local,Provedor Integrado via API PNCP,https://pncp.gov.br/app/editais?q=&status=recebendo_proposta&orgao=11400360000105,https://pncp.gov.br/api/consulta/v1/contratacoes/publicacao?cnpj=11400360000105,PNCP_API_CONSULTA,Médio (Específico da Entidade)
184,JUSTICA FEDERAL DE PRIMEIRO GRAU NO RIO DE JANEIRO,05.424.540/0001-16,2023-05-12,Software House / GovTech ERP Municipal,Multi-esfera / Municipal,Multi-UF,Provedor Integrado via API PNCP,https://pncp.gov.br/app/editais?q=&status=recebendo_proposta&orgao=05424540000116,https://pncp.gov.br/api/consulta/v1/contratacoes/publicacao?cnpj=05424540000116,PNCP_API_CONSULTA,Médio (Específico da Entidade)
185,ASJB CONSULTORIA S/C LTDA,02.144.357/0001-79,2023-05-16,Software House / GovTech ERP Municipal,Multi-esfera / Municipal,Multi-UF,Provedor Integrado via API PNCP,https://pncp.gov.br/app/editais?q=&status=recebendo_proposta&orgao=02144357000179,https://pncp.gov.br/api/consulta/v1/contratacoes/publicacao?cnpj=02144357000179,PNCP_API_CONSULTA,Médio (Específico da Entidade)
187,TRIBUNAL DE JUSTIÇA DO ESTADO DE RORAIMA,34.812.669/0001-08,2023-05-22,Poder Judiciário / Funções Essenciais,Estadual,Estadual,Provedor Integrado via API PNCP,https://pncp.gov.br/app/editais?q=&status=recebendo_proposta&orgao=34812669000108,https://pncp.gov.br/api/consulta/v1/contratacoes/publicacao?cnpj=34812669000108,PNCP_API_CONSULTA,Médio (Específico da Entidade)
188,ADPM - ADMINISTRAÇÃO PÚBLICA PARA MUNICÍPIOS LTDA,02.678.177/0001-77,2023-05-22,Prefeitura / Poder Executivo Municipal,Municipal,Municipal,Provedor Integrado via API PNCP,https://pncp.gov.br/app/editais?q=&status=recebendo_proposta&orgao=02678177000177,https://pncp.gov.br/api/consulta/v1/contratacoes/publicacao?cnpj=02678177000177,PNCP_API_CONSULTA,Médio (Específico da Entidade)
189,"SECRETARIA DE PLANEJAMENTO, ORÇAMENTO E ADMINISTRAÇÃO DO DISTRITO FEDERAL",00.394.684/0001-53,2023-05-29,Software House / GovTech ERP Municipal,Multi-esfera / Municipal,Multi-UF,Provedor Integrado via API PNCP,https://pncp.gov.br/app/editais?q=&status=recebendo_proposta&orgao=00394684000153,https://pncp.gov.br/api/consulta/v1/contratacoes/publicacao?cnpj=00394684000153,PNCP_API_CONSULTA,Médio (Específico da Entidade)
190,DEFENSORIA PÚBLICA DO ESTADO DE RONDÔNIA,01.072.076/0001-95,2023-05-29,Poder Judiciário / Funções Essenciais,Estadual,Estadual,Provedor Integrado via API PNCP,https://pncp.gov.br/app/editais?q=&status=recebendo_proposta&orgao=01072076000195,https://pncp.gov.br/api/consulta/v1/contratacoes/publicacao?cnpj=01072076000195,PNCP_API_CONSULTA,Médio (Específico da Entidade)
191,GEMMAP SISTEMAS LTDA EPP,54.699.434/0001-50,2023-05-31,Software House / GovTech ERP Municipal,Multi-esfera / Municipal,Multi-UF,Provedor Integrado via API PNCP,https://pncp.gov.br/app/editais?q=&status=recebendo_proposta&orgao=54699434000150,https://pncp.gov.br/api/consulta/v1/contratacoes/publicacao?cnpj=54699434000150,PNCP_API_CONSULTA,Médio (Específico da Entidade)
192,MUNICIPIO DE TAQUARA,97.761.407/0001-73,2023-06-06,Prefeitura / Poder Executivo Municipal,Municipal,Municipal,Provedor Integrado via API PNCP,https://pncp.gov.br/app/editais?q=&status=recebendo_proposta&orgao=97761407000173,https://pncp.gov.br/api/consulta/v1/contratacoes/publicacao?cnpj=97761407000173,PNCP_API_CONSULTA,Médio (Específico da Entidade)
193,AGAPE SISTEMAS E CONSULTORIA,04.497.198/0001-11,2023-06-21,Software House / GovTech ERP Municipal,Multi-esfera / Municipal,Multi-UF,Provedor Integrado via API PNCP,https://pncp.gov.br/app/editais?q=&status=recebendo_proposta&orgao=04497198000111,https://pncp.gov.br/api/consulta/v1/contratacoes/publicacao?cnpj=04497198000111,PNCP_API_CONSULTA,Médio (Específico da Entidade)
194,SERVIÇO AUTÔNOMO DE ÁGUA E ESGOTO DE PIRAPORA,23.535.271/0001-47,2023-06-28,Autarquia / Empresa Pública / Fundação / Consórcio,Estadual / Municipal,Local,Provedor Integrado via API PNCP,https://pncp.gov.br/app/editais?q=&status=recebendo_proposta&orgao=23535271000147,https://pncp.gov.br/api/consulta/v1/contratacoes/publicacao?cnpj=23535271000147,PNCP_API_CONSULTA,Médio (Específico da Entidade)
195,PRESCON INFORMATICA ASSESSORIA LTDA.,01.221.551/0001-48,2023-07-03,Software House / GovTech ERP Municipal,Multi-esfera / Municipal,Multi-UF,Provedor Integrado via API PNCP,https://pncp.gov.br/app/editais?q=&status=recebendo_proposta&orgao=01221551000148,https://pncp.gov.br/api/consulta/v1/contratacoes/publicacao?cnpj=01221551000148,PNCP_API_CONSULTA,Médio (Específico da Entidade)
196,TRIBUNAL DE JUSTIÇA DO ESTADO DO RIO GRANDE DO NORTE,08.546.459/0001-05,2023-07-03,Poder Judiciário / Funções Essenciais,Estadual,Estadual,Provedor Integrado via API PNCP,https://pncp.gov.br/app/editais?q=&status=recebendo_proposta&orgao=08546459000105,https://pncp.gov.br/api/consulta/v1/contratacoes/publicacao?cnpj=08546459000105,PNCP_API_CONSULTA,Médio (Específico da Entidade)
198,MUNICIPIO DE BELO HORIZONTE,18.715.383/0001-40,2023-07-20,Prefeitura / Poder Executivo Municipal,Municipal,Municipal,Provedor Integrado via API PNCP,https://pncp.gov.br/app/editais?q=&status=recebendo_proposta&orgao=18715383000140,https://pncp.gov.br/api/consulta/v1/contratacoes/publicacao?cnpj=18715383000140,PNCP_API_CONSULTA,Médio (Específico da Entidade)
199,MUNICÍPIO DE PASSO FUNDO,87.612.537/0001-90,2023-07-26,Prefeitura / Poder Executivo Municipal,Municipal,Municipal,Provedor Integrado via API PNCP,https://pncp.gov.br/app/editais?q=&status=recebendo_proposta&orgao=87612537000190,https://pncp.gov.br/api/consulta/v1/contratacoes/publicacao?cnpj=87612537000190,PNCP_API_CONSULTA,Médio (Específico da Entidade)
200,OBARA INFORMÁTICA LTDA,27.001.408/0001-34,2023-07-26,Software House / GovTech ERP Municipal,Multi-esfera / Municipal,Multi-UF,Provedor Integrado via API PNCP,https://pncp.gov.br/app/editais?q=&status=recebendo_proposta&orgao=27001408000134,https://pncp.gov.br/api/consulta/v1/contratacoes/publicacao?cnpj=27001408000134,PNCP_API_CONSULTA,Médio (Específico da Entidade)
201,CENTRO DE SERVIÇOS COMPARTILHADOS,03.930.106/0001-82,2023-07-26,Entidade Pública / Municipal,Municipal,Local,Provedor Integrado via API PNCP,https://pncp.gov.br/app/editais?q=&status=recebendo_proposta&orgao=03930106000182,https://pncp.gov.br/api/consulta/v1/contratacoes/publicacao?cnpj=03930106000182,PNCP_API_CONSULTA,Médio (Específico da Entidade)
202,PREFEITURA MUNICIPAL DE BARUERI / PREFEITURA DE BARUERI,46.523.015/0001-35,2023-07-26,Prefeitura / Poder Executivo Municipal,Municipal,Municipal,Provedor Integrado via API PNCP,https://pncp.gov.br/app/editais?q=&status=recebendo_proposta&orgao=46523015000135,https://pncp.gov.br/api/consulta/v1/contratacoes/publicacao?cnpj=46523015000135,PNCP_API_CONSULTA,Médio (Específico da Entidade)
203,3TECNOS TECNOLOGIA LTDA,09.568.632/0001-20,2023-07-31,Software House / GovTech ERP Municipal,Multi-esfera / Municipal,Multi-UF,Provedor Integrado via API PNCP,https://pncp.gov.br/app/editais?q=&status=recebendo_proposta&orgao=09568632000120,https://pncp.gov.br/api/consulta/v1/contratacoes/publicacao?cnpj=09568632000120,PNCP_API_CONSULTA,Médio (Específico da Entidade)
204,SECRETARIA DE ESTADO DA FAZENDA DE SANTA CATARINA,82.951.310/0001-56,2023-08-02,Governo Estadual / Secretaria Central,Estadual,Estadual,Provedor Integrado via API PNCP,https://pncp.gov.br/app/editais?q=&status=recebendo_proposta&orgao=82951310000156,https://pncp.gov.br/api/consulta/v1/contratacoes/publicacao?cnpj=82951310000156,PNCP_API_CONSULTA,Médio (Específico da Entidade)
205,CONTASS SISTEMAS PUBLICOS LTDA,10.481.030/0001-10,2023-08-02,Software House / GovTech ERP Municipal,Multi-esfera / Municipal,Multi-UF,Provedor Integrado via API PNCP,https://pncp.gov.br/app/editais?q=&status=recebendo_proposta&orgao=10481030000110,https://pncp.gov.br/api/consulta/v1/contratacoes/publicacao?cnpj=10481030000110,PNCP_API_CONSULTA,Médio (Específico da Entidade)
206,EDDYDATA SERVICOS DE INFORMATICA LTDA,57.714.750/0001-42,2023-08-07,Software House / GovTech ERP Municipal,Multi-esfera / Municipal,Multi-UF,Provedor Integrado via API PNCP,https://pncp.gov.br/app/editais?q=&status=recebendo_proposta&orgao=57714750000142,https://pncp.gov.br/api/consulta/v1/contratacoes/publicacao?cnpj=57714750000142,PNCP_API_CONSULTA,Médio (Específico da Entidade)
207,TRIBUNAL DE CONTAS DO ESTADO DO PARANÁ,77.996.312/0001-21,2023-08-07,Órgão de Controle / Tribunal de Contas,Estadual,Estadual,Provedor Integrado via API PNCP,https://pncp.gov.br/app/editais?q=&status=recebendo_proposta&orgao=77996312000121,https://pncp.gov.br/api/consulta/v1/contratacoes/publicacao?cnpj=77996312000121,PNCP_API_CONSULTA,Médio (Específico da Entidade)
208,PREFEITURA MUNICIPAL DE PIRACICABA,46.341.038/0001-29,2023-08-14,Prefeitura / Poder Executivo Municipal,Municipal,Municipal,Provedor Integrado via API PNCP,https://pncp.gov.br/app/editais?q=&status=recebendo_proposta&orgao=46341038000129,https://pncp.gov.br/api/consulta/v1/contratacoes/publicacao?cnpj=46341038000129,PNCP_API_CONSULTA,Médio (Específico da Entidade)
209,PREFEITURA MUNICIPAL DE SÃO LEOPOLDO,89.814.693/0001-60,2023-08-23,Prefeitura / Poder Executivo Municipal,Municipal,Municipal,Provedor Integrado via API PNCP,https://pncp.gov.br/app/editais?q=&status=recebendo_proposta&orgao=89814693000160,https://pncp.gov.br/api/consulta/v1/contratacoes/publicacao?cnpj=89814693000160,PNCP_API_CONSULTA,Médio (Específico da Entidade)
210,MUNICIPIO DE FORTALEZA - PREFEITURA MUNICIPAL DE FORTALEZA,07.954.605/0001-60,2023-08-23,Prefeitura / Poder Executivo Municipal,Municipal,Municipal,Provedor Integrado via API PNCP,https://pncp.gov.br/app/editais?q=&status=recebendo_proposta&orgao=07954605000160,https://pncp.gov.br/api/consulta/v1/contratacoes/publicacao?cnpj=07954605000160,PNCP_API_CONSULTA,Médio (Específico da Entidade)
211,PREFEITURA MUNICIPAL DE BLUMENAU,83.108.357/0001-15,2023-09-06,Prefeitura / Poder Executivo Municipal,Municipal,Municipal,Provedor Integrado via API PNCP,https://pncp.gov.br/app/editais?q=&status=recebendo_proposta&orgao=83108357000115,https://pncp.gov.br/api/consulta/v1/contratacoes/publicacao?cnpj=83108357000115,PNCP_API_CONSULTA,Médio (Específico da Entidade)
212,SONNER SISTEMAS DE INFORMATICA LTDA,06.067.665/0001-07,2023-09-06,Software House / GovTech ERP Municipal,Multi-esfera / Municipal,Multi-UF,Provedor Integrado via API PNCP,https://pncp.gov.br/app/editais?q=&status=recebendo_proposta&orgao=06067665000107,https://pncp.gov.br/api/consulta/v1/contratacoes/publicacao?cnpj=06067665000107,PNCP_API_CONSULTA,Médio (Específico da Entidade)
213,IPMBRASIL PUBLICAÇÕES MUNICIPAIS,12.398.781/0001-01,2023-09-06,Software House / GovTech ERP Municipal,Multi-esfera / Municipal,Multi-UF,Provedor Integrado via API PNCP,https://pncp.gov.br/app/editais?q=&status=recebendo_proposta&orgao=12398781000101,https://pncp.gov.br/api/consulta/v1/contratacoes/publicacao?cnpj=12398781000101,PNCP_API_CONSULTA,Médio (Específico da Entidade)
214,"SECRETARIA MUNICIPAL DE ADMINISTRAÇÃO, PLANEJAMENTO E GESTÃO",04.312.641/0001-32,2023-09-06,Prefeitura / Poder Executivo Municipal,Municipal,Municipal,Provedor Integrado via API PNCP,https://pncp.gov.br/app/editais?q=&status=recebendo_proposta&orgao=04312641000132,https://pncp.gov.br/api/consulta/v1/contratacoes/publicacao?cnpj=04312641000132,PNCP_API_CONSULTA,Médio (Específico da Entidade)
215,ASSESI BRASIL,14.769.245/0001-92,2023-09-14,Entidade Pública / Municipal,Municipal,Local,Provedor Integrado via API PNCP,https://pncp.gov.br/app/editais?q=&status=recebendo_proposta&orgao=14769245000192,https://pncp.gov.br/api/consulta/v1/contratacoes/publicacao?cnpj=14769245000192,PNCP_API_CONSULTA,Médio (Específico da Entidade)
216,MUNICIPIO DE SÃO BERNARDO DO CAMPO/MUNICIPIO DE SAO BERNARDO DO CAMPO,46.523.239/0001-47,2023-09-21,Prefeitura / Poder Executivo Municipal,Municipal,Municipal,Provedor Integrado via API PNCP,https://pncp.gov.br/app/editais?q=&status=recebendo_proposta&orgao=46523239000147,https://pncp.gov.br/api/consulta/v1/contratacoes/publicacao?cnpj=46523239000147,PNCP_API_CONSULTA,Médio (Específico da Entidade)
217,MUNICIPIO DE NOVA LIMA,22.934.889/0001-17,2023-10-10,Prefeitura / Poder Executivo Municipal,Municipal,Municipal,Provedor Integrado via API PNCP,https://pncp.gov.br/app/editais?q=&status=recebendo_proposta&orgao=22934889000117,https://pncp.gov.br/api/consulta/v1/contratacoes/publicacao?cnpj=22934889000117,PNCP_API_CONSULTA,Médio (Específico da Entidade)
218,DEFENSORIA PUBLICA DO ESTADO DE PERNAMBUCO,02.899.512/0001-67,2023-10-11,Poder Judiciário / Funções Essenciais,Estadual,Estadual,Provedor Integrado via API PNCP,https://pncp.gov.br/app/editais?q=&status=recebendo_proposta&orgao=02899512000167,https://pncp.gov.br/api/consulta/v1/contratacoes/publicacao?cnpj=02899512000167,PNCP_API_CONSULTA,Médio (Específico da Entidade)
219,TRIBUNAL REGIONAL ELEITORAL DO PARÁ,05.703.755/0001-76,2023-10-17,Entidade Pública / Municipal,Municipal,Local,Provedor Integrado via API PNCP,https://pncp.gov.br/app/editais?q=&status=recebendo_proposta&orgao=05703755000176,https://pncp.gov.br/api/consulta/v1/contratacoes/publicacao?cnpj=05703755000176,PNCP_API_CONSULTA,Médio (Específico da Entidade)
220,GOVTEC SISTEMAS DE INFORMATICA LTDA,34.263.271/0001-51,2023-10-30,Software House / GovTech ERP Municipal,Multi-esfera / Municipal,Multi-UF,Provedor Integrado via API PNCP,https://pncp.gov.br/app/editais?q=&status=recebendo_proposta&orgao=34263271000151,https://pncp.gov.br/api/consulta/v1/contratacoes/publicacao?cnpj=34263271000151,PNCP_API_CONSULTA,Médio (Específico da Entidade)
221,CÂMARA MUNICIPAL DE TAPEROA BA,13.070.016/0001-12,2023-10-30,Câmara / Poder Legislativo Municipal,Municipal,Municipal,Provedor Integrado via API PNCP,https://pncp.gov.br/app/editais?q=&status=recebendo_proposta&orgao=13070016000112,https://pncp.gov.br/api/consulta/v1/contratacoes/publicacao?cnpj=13070016000112,PNCP_API_CONSULTA,Médio (Específico da Entidade)
222,MODERNIZACAO PUBLICA E INFORMATICA LTDA,15.064.270/0001-33,2023-11-06,Software House / GovTech ERP Municipal,Multi-esfera / Municipal,Multi-UF,Provedor Integrado via API PNCP,https://pncp.gov.br/app/editais?q=&status=recebendo_proposta&orgao=15064270000133,https://pncp.gov.br/api/consulta/v1/contratacoes/publicacao?cnpj=15064270000133,PNCP_API_CONSULTA,Médio (Específico da Entidade)
223,TRIBUNAL REGIONAL ELEITORAL DE SÃO PAULO,06.302.492/0001-56,2023-11-07,Entidade Pública / Municipal,Municipal,Local,Provedor Integrado via API PNCP,https://pncp.gov.br/app/editais?q=&status=recebendo_proposta&orgao=06302492000156,https://pncp.gov.br/api/consulta/v1/contratacoes/publicacao?cnpj=06302492000156,PNCP_API_CONSULTA,Médio (Específico da Entidade)
224,TRIBUNAL REGIONAL FEDERAL 2A R.,32.243.347/0001-51,2023-11-16,Entidade Pública / Municipal,Municipal,Local,Provedor Integrado via API PNCP,https://pncp.gov.br/app/editais?q=&status=recebendo_proposta&orgao=32243347000151,https://pncp.gov.br/api/consulta/v1/contratacoes/publicacao?cnpj=32243347000151,PNCP_API_CONSULTA,Médio (Específico da Entidade)
225,MUNICIPIO DE VITORIA DA CONQUISTA,14.239.578/0001-00,2023-11-23,Prefeitura / Poder Executivo Municipal,Municipal,Municipal,Provedor Integrado via API PNCP,https://pncp.gov.br/app/editais?q=&status=recebendo_proposta&orgao=14239578000100,https://pncp.gov.br/api/consulta/v1/contratacoes/publicacao?cnpj=14239578000100,PNCP_API_CONSULTA,Médio (Específico da Entidade)
226,W4M AUTOMACAO E CONTROLE LTDA,01.921.829/0001-90,2023-11-23,Software House / GovTech ERP Municipal,Multi-esfera / Municipal,Multi-UF,Provedor Integrado via API PNCP,https://pncp.gov.br/app/editais?q=&status=recebendo_proposta&orgao=01921829000190,https://pncp.gov.br/api/consulta/v1/contratacoes/publicacao?cnpj=01921829000190,PNCP_API_CONSULTA,Médio (Específico da Entidade)
227,ASP - AUTOMAÇÃO SERVIÇOS E PRODUTOS DE INFORMÁTICA - LTDA,02.288.268/0001-04,2023-11-23,Software House / GovTech ERP Municipal,Multi-esfera / Municipal,Multi-UF,Provedor Integrado via API PNCP,https://pncp.gov.br/app/editais?q=&status=recebendo_proposta&orgao=02288268000104,https://pncp.gov.br/api/consulta/v1/contratacoes/publicacao?cnpj=02288268000104,PNCP_API_CONSULTA,Médio (Específico da Entidade)
228,J BRASIL SISTEMAS LTDA,12.973.722/0001-01,2023-11-24,Software House / GovTech ERP Municipal,Multi-esfera / Municipal,Multi-UF,Provedor Integrado via API PNCP,https://pncp.gov.br/app/editais?q=&status=recebendo_proposta&orgao=12973722000101,https://pncp.gov.br/api/consulta/v1/contratacoes/publicacao?cnpj=12973722000101,PNCP_API_CONSULTA,Médio (Específico da Entidade)
229,MUNICÍPIO DE MONTENEGRO,90.895.905/0001-60,2023-11-27,Prefeitura / Poder Executivo Municipal,Municipal,Municipal,Provedor Integrado via API PNCP,https://pncp.gov.br/app/editais?q=&status=recebendo_proposta&orgao=90895905000160,https://pncp.gov.br/api/consulta/v1/contratacoes/publicacao?cnpj=90895905000160,PNCP_API_CONSULTA,Médio (Específico da Entidade)
230,TRIBUNAL DE CONTAS DO ESTADO DE PERNAMBUCO,11.435.633/0001-49,2023-11-27,Órgão de Controle / Tribunal de Contas,Estadual,Estadual,Provedor Integrado via API PNCP,https://pncp.gov.br/app/editais?q=&status=recebendo_proposta&orgao=11435633000149,https://pncp.gov.br/api/consulta/v1/contratacoes/publicacao?cnpj=11435633000149,PNCP_API_CONSULTA,Médio (Específico da Entidade)
231,TECNOCONTAS INFORMÁTICA E CONTABILIDADE LTDA,17.198.116/0001-80,2023-11-29,Software House / GovTech ERP Municipal,Multi-esfera / Municipal,Multi-UF,Provedor Integrado via API PNCP,https://pncp.gov.br/app/editais?q=&status=recebendo_proposta&orgao=17198116000180,https://pncp.gov.br/api/consulta/v1/contratacoes/publicacao?cnpj=17198116000180,PNCP_API_CONSULTA,Médio (Específico da Entidade)
232,MINISTÉRIO DA FAZENDA / RECEITA FEDERAL,00.394.460/0058-87,2023-11-29,Entidade Pública / Municipal,Municipal,Local,Provedor Integrado via API PNCP,https://pncp.gov.br/app/editais?q=&status=recebendo_proposta&orgao=00394460005887,https://pncp.gov.br/api/consulta/v1/contratacoes/publicacao?cnpj=00394460005887,PNCP_API_CONSULTA,Médio (Específico da Entidade)
233,SAAE SERVIÇO AUTÔNOMO DE ÁGUA E ESGOTOS DE INDAIATUBA / SAAE INDAIATUBA,46.251.021/0001-80,2023-11-29,Autarquia / Empresa Pública / Fundação / Consórcio,Estadual / Municipal,Local,Provedor Integrado via API PNCP,https://pncp.gov.br/app/editais?q=&status=recebendo_proposta&orgao=46251021000180,https://pncp.gov.br/api/consulta/v1/contratacoes/publicacao?cnpj=46251021000180,PNCP_API_CONSULTA,Médio (Específico da Entidade)
234,DEPARTAMENTO DE ÁGUA E ESGOTOS,96.041.330/0001-02,2023-11-29,Software House / GovTech ERP Municipal,Multi-esfera / Municipal,Multi-UF,Provedor Integrado via API PNCP,https://pncp.gov.br/app/editais?q=&status=recebendo_proposta&orgao=96041330000102,https://pncp.gov.br/api/consulta/v1/contratacoes/publicacao?cnpj=96041330000102,PNCP_API_CONSULTA,Médio (Específico da Entidade)
235,DOISR SERVICOS DE DESENVOLVIMENTO E CONSULTORIA DE SISTEMA LTDA / DOISR SISTEMAS,30.016.264/0001-02,2023-12-05,Software House / GovTech ERP Municipal,Multi-esfera / Municipal,Multi-UF,Provedor Integrado via API PNCP,https://pncp.gov.br/app/editais?q=&status=recebendo_proposta&orgao=30016264000102,https://pncp.gov.br/api/consulta/v1/contratacoes/publicacao?cnpj=30016264000102,PNCP_API_CONSULTA,Médio (Específico da Entidade)
236,SUBSECRETARIA DA ADMINISTRAÇÃO CENTRAL DE LICITAÇÕES - CELIC/RS,87.958.658/0001-99,2023-12-05,Entidade Pública / Municipal,Municipal,Local,Provedor Integrado via API PNCP,https://pncp.gov.br/app/editais?q=&status=recebendo_proposta&orgao=87958658000199,https://pncp.gov.br/api/consulta/v1/contratacoes/publicacao?cnpj=87958658000199,PNCP_API_CONSULTA,Médio (Específico da Entidade)
237,PUBLICENTER INFORMATICA COMERCIO E LOCACAO LTDA,04.235.413/0001-06,2023-12-12,Software House / GovTech ERP Municipal,Multi-esfera / Municipal,Multi-UF,Provedor Integrado via API PNCP,https://pncp.gov.br/app/editais?q=&status=recebendo_proposta&orgao=04235413000106,https://pncp.gov.br/api/consulta/v1/contratacoes/publicacao?cnpj=04235413000106,PNCP_API_CONSULTA,Médio (Específico da Entidade)
238,GOVPLAY SISTEMAS INTELIGENTES LTDA,50.768.912/0001-86,2023-12-13,Software House / GovTech ERP Municipal,Multi-esfera / Municipal,Multi-UF,Provedor Integrado via API PNCP,https://pncp.gov.br/app/editais?q=&status=recebendo_proposta&orgao=50768912000186,https://pncp.gov.br/api/consulta/v1/contratacoes/publicacao?cnpj=50768912000186,PNCP_API_CONSULTA,Médio (Específico da Entidade)
239,PLANEJAR CONSULTORES ASSOCIADOS LTDA,26.125.096/0001-08,2023-12-14,Software House / GovTech ERP Municipal,Multi-esfera / Municipal,Multi-UF,Provedor Integrado via API PNCP,https://pncp.gov.br/app/editais?q=&status=recebendo_proposta&orgao=26125096000108,https://pncp.gov.br/api/consulta/v1/contratacoes/publicacao?cnpj=26125096000108,PNCP_API_CONSULTA,Médio (Específico da Entidade)
240,CITTÀ INFORMÁTICA LTDA,09.031.569/0001-99,2023-12-14,Software House / GovTech ERP Municipal,Multi-esfera / Municipal,Multi-UF,Provedor Integrado via API PNCP,https://pncp.gov.br/app/editais?q=&status=recebendo_proposta&orgao=09031569000199,https://pncp.gov.br/api/consulta/v1/contratacoes/publicacao?cnpj=09031569000199,PNCP_API_CONSULTA,Médio (Específico da Entidade)
241,MUNICÍPIO DE SÃO JOSÉ DOS CAMPOS,46.643.466/0001-06,2023-12-15,Prefeitura / Poder Executivo Municipal,Municipal,Municipal,Provedor Integrado via API PNCP,https://pncp.gov.br/app/editais?q=&status=recebendo_proposta&orgao=46643466000106,https://pncp.gov.br/api/consulta/v1/contratacoes/publicacao?cnpj=46643466000106,PNCP_API_CONSULTA,Médio (Específico da Entidade)
242,JF PIMENTEL FILHO SISTEMAS LTDA,33.369.872/0001-80,2023-12-18,Software House / GovTech ERP Municipal,Multi-esfera / Municipal,Multi-UF,Provedor Integrado via API PNCP,https://pncp.gov.br/app/editais?q=&status=recebendo_proposta&orgao=33369872000180,https://pncp.gov.br/api/consulta/v1/contratacoes/publicacao?cnpj=33369872000180,PNCP_API_CONSULTA,Médio (Específico da Entidade)
243,TCHÊ INFORMÁTICA LTDA,93.288.165/0001-91,2023-12-18,Software House / GovTech ERP Municipal,Multi-esfera / Municipal,Multi-UF,Provedor Integrado via API PNCP,https://pncp.gov.br/app/editais?q=&status=recebendo_proposta&orgao=93288165000191,https://pncp.gov.br/api/consulta/v1/contratacoes/publicacao?cnpj=93288165000191,PNCP_API_CONSULTA,Médio (Específico da Entidade)
244,MUNICIPIO DE VENÂNCIO AIRES,87.334.918/0001-55,2023-12-19,Prefeitura / Poder Executivo Municipal,Municipal,Municipal,Provedor Integrado via API PNCP,https://pncp.gov.br/app/editais?q=&status=recebendo_proposta&orgao=87334918000155,https://pncp.gov.br/api/consulta/v1/contratacoes/publicacao?cnpj=87334918000155,PNCP_API_CONSULTA,Médio (Específico da Entidade)
245,PREFEITURA MUNICIPAL DE RERIUTABA,07.598.667/0001-87,2023-12-21,Prefeitura / Poder Executivo Municipal,Municipal,Municipal,Provedor Integrado via API PNCP,https://pncp.gov.br/app/editais?q=&status=recebendo_proposta&orgao=07598667000187,https://pncp.gov.br/api/consulta/v1/contratacoes/publicacao?cnpj=07598667000187,PNCP_API_CONSULTA,Médio (Específico da Entidade)
246,ETHERIUM TECH,34.446.865/0001-06,2024-01-02,Entidade Pública / Municipal,Municipal,Local,Provedor Integrado via API PNCP,https://pncp.gov.br/app/editais?q=&status=recebendo_proposta&orgao=34446865000106,https://pncp.gov.br/api/consulta/v1/contratacoes/publicacao?cnpj=34446865000106,PNCP_API_CONSULTA,Médio (Específico da Entidade)
247,HABEAS DATA SOLUÇÕES EM INFORMÁTICA LTDA,03.161.658/0001-73,2024-01-04,Software House / GovTech ERP Municipal,Multi-esfera / Municipal,Multi-UF,Provedor Integrado via API PNCP,https://pncp.gov.br/app/editais?q=&status=recebendo_proposta&orgao=03161658000173,https://pncp.gov.br/api/consulta/v1/contratacoes/publicacao?cnpj=03161658000173,PNCP_API_CONSULTA,Médio (Específico da Entidade)
248,INTER - TEC SOLUCOES EM SOFTWARE LTDA,18.351.823/0001-27,2024-01-05,Software House / GovTech ERP Municipal,Multi-esfera / Municipal,Multi-UF,Provedor Integrado via API PNCP,https://pncp.gov.br/app/editais?q=&status=recebendo_proposta&orgao=18351823000127,https://pncp.gov.br/api/consulta/v1/contratacoes/publicacao?cnpj=18351823000127,PNCP_API_CONSULTA,Médio (Específico da Entidade)
249,E. O. DA SILVA SERVICOS DE TECNOLOGIA,27.015.292/0001-92,2024-01-05,Software House / GovTech ERP Municipal,Multi-esfera / Municipal,Multi-UF,Provedor Integrado via API PNCP,https://pncp.gov.br/app/editais?q=&status=recebendo_proposta&orgao=27015292000192,https://pncp.gov.br/api/consulta/v1/contratacoes/publicacao?cnpj=27015292000192,PNCP_API_CONSULTA,Médio (Específico da Entidade)
250,KP SISTEMAS DE INFORMACAO PARA GESTAO PUBLICA MUNICIPAL LTDA,32.965.361/0001-69,2024-01-05,Software House / GovTech ERP Municipal,Multi-esfera / Municipal,Multi-UF,Provedor Integrado via API PNCP,https://pncp.gov.br/app/editais?q=&status=recebendo_proposta&orgao=32965361000169,https://pncp.gov.br/api/consulta/v1/contratacoes/publicacao?cnpj=32965361000169,PNCP_API_CONSULTA,Médio (Específico da Entidade)
251,GOVERNO DO ESTADO DO ACRE,63.606.479/0001-24,2024-01-08,Governo Estadual / Secretaria Central,Estadual,Estadual,Provedor Integrado via API PNCP,https://pncp.gov.br/app/editais?q=&status=recebendo_proposta&orgao=63606479000124,https://pncp.gov.br/api/consulta/v1/contratacoes/publicacao?cnpj=63606479000124,PNCP_API_CONSULTA,Médio (Específico da Entidade)
252,COMPANHIA BRASILEIRA DE GOVERNANÇA - CBG S/A,45.949.947/0001-81,2024-01-10,Autarquia / Empresa Pública / Fundação / Consórcio,Estadual / Municipal,Local,Provedor Integrado via API PNCP,https://pncp.gov.br/app/editais?q=&status=recebendo_proposta&orgao=45949947000181,https://pncp.gov.br/api/consulta/v1/contratacoes/publicacao?cnpj=45949947000181,PNCP_API_CONSULTA,Médio (Específico da Entidade)
253,NORTH TECNOLOGIA SISTEMAS E INFORMATICA LTDA,52.864.643/0001-87,2024-01-10,Software House / GovTech ERP Municipal,Multi-esfera / Municipal,Multi-UF,Provedor Integrado via API PNCP,https://pncp.gov.br/app/editais?q=&status=recebendo_proposta&orgao=52864643000187,https://pncp.gov.br/api/consulta/v1/contratacoes/publicacao?cnpj=52864643000187,PNCP_API_CONSULTA,Médio (Específico da Entidade)
254,MINISTÉRIO PÚBLICO DO ESTADO DO ACRE,04.034.450/0001-56,2024-01-10,Poder Judiciário / Funções Essenciais,Estadual,Estadual,Provedor Integrado via API PNCP,https://pncp.gov.br/app/editais?q=&status=recebendo_proposta&orgao=04034450000156,https://pncp.gov.br/api/consulta/v1/contratacoes/publicacao?cnpj=04034450000156,PNCP_API_CONSULTA,Médio (Específico da Entidade)
255,TRIBUNAL DE CONTAS DO ESTADO DE SAO PAULO,50.290.931/0001-40,2024-01-15,Órgão de Controle / Tribunal de Contas,Estadual,Estadual,Provedor Integrado via API PNCP,https://pncp.gov.br/app/editais?q=&status=recebendo_proposta&orgao=50290931000140,https://pncp.gov.br/api/consulta/v1/contratacoes/publicacao?cnpj=50290931000140,PNCP_API_CONSULTA,Médio (Específico da Entidade)
256,PREFEITURA DE MUNICIPAL DE IMBÉ,90.256.652/0001-84,2024-01-15,Prefeitura / Poder Executivo Municipal,Municipal,Municipal,Provedor Integrado via API PNCP,https://pncp.gov.br/app/editais?q=&status=recebendo_proposta&orgao=90256652000184,https://pncp.gov.br/api/consulta/v1/contratacoes/publicacao?cnpj=90256652000184,PNCP_API_CONSULTA,Médio (Específico da Entidade)
257,TRIBUNAL DE JUSTIÇA DO ESTADO DO TOCANTINS,25.053.190/0001-36,2024-01-18,Poder Judiciário / Funções Essenciais,Estadual,Estadual,Provedor Integrado via API PNCP,https://pncp.gov.br/app/editais?q=&status=recebendo_proposta&orgao=25053190000136,https://pncp.gov.br/api/consulta/v1/contratacoes/publicacao?cnpj=25053190000136,PNCP_API_CONSULTA,Médio (Específico da Entidade)
258,PAULISTA TECNOLOGIA E SERVICOS LTDA / HORUS SISTEMAS INTEGRADOS,00.562.341/0001-50,2024-01-18,Software House / GovTech ERP Municipal,Multi-esfera / Municipal,Multi-UF,Provedor Integrado via API PNCP,https://pncp.gov.br/app/editais?q=&status=recebendo_proposta&orgao=00562341000150,https://pncp.gov.br/api/consulta/v1/contratacoes/publicacao?cnpj=00562341000150,PNCP_API_CONSULTA,Médio (Específico da Entidade)
259,SISTEMAS CONFITEC,35.824.900/0001-38,2024-01-18,Software House / GovTech ERP Municipal,Multi-esfera / Municipal,Multi-UF,Provedor Integrado via API PNCP,https://pncp.gov.br/app/editais?q=&status=recebendo_proposta&orgao=35824900000138,https://pncp.gov.br/api/consulta/v1/contratacoes/publicacao?cnpj=35824900000138,PNCP_API_CONSULTA,Médio (Específico da Entidade)
260,SECRETARIA DE ESTADO DE INFRAESTRUTURA E MOBILIDADE,82.951.344/0001-40,2024-01-19,Governo Estadual / Secretaria Central,Estadual,Estadual,Provedor Integrado via API PNCP,https://pncp.gov.br/app/editais?q=&status=recebendo_proposta&orgao=82951344000140,https://pncp.gov.br/api/consulta/v1/contratacoes/publicacao?cnpj=82951344000140,PNCP_API_CONSULTA,Médio (Específico da Entidade)
262,PUBLICOM PUBLICIDADE LEGAL E PRODUÇÃO DE EVENTOS LTDA,48.752.929/0001-01,2024-01-31,Software House / GovTech ERP Municipal,Multi-esfera / Municipal,Multi-UF,Provedor Integrado via API PNCP,https://pncp.gov.br/app/editais?q=&status=recebendo_proposta&orgao=48752929000101,https://pncp.gov.br/api/consulta/v1/contratacoes/publicacao?cnpj=48752929000101,PNCP_API_CONSULTA,Médio (Específico da Entidade)
263,TRIBUNAL DE JUSTIÇA DO ESTADO DO PARÁ,04.567.897/0001-90,2024-01-31,Poder Judiciário / Funções Essenciais,Estadual,Estadual,Provedor Integrado via API PNCP,https://pncp.gov.br/app/editais?q=&status=recebendo_proposta&orgao=04567897000190,https://pncp.gov.br/api/consulta/v1/contratacoes/publicacao?cnpj=04567897000190,PNCP_API_CONSULTA,Médio (Específico da Entidade)
264,INTERSOL SERVICOS DE INFORMATICA LTDA,10.502.804/0001-42,2024-02-01,Software House / GovTech ERP Municipal,Multi-esfera / Municipal,Multi-UF,Provedor Integrado via API PNCP,https://pncp.gov.br/app/editais?q=&status=recebendo_proposta&orgao=10502804000142,https://pncp.gov.br/api/consulta/v1/contratacoes/publicacao?cnpj=10502804000142,PNCP_API_CONSULTA,Médio (Específico da Entidade)
265,MHR SERVICOS LTDA,21.886.630/0001-85,2024-02-02,Software House / GovTech ERP Municipal,Multi-esfera / Municipal,Multi-UF,Provedor Integrado via API PNCP,https://pncp.gov.br/app/editais?q=&status=recebendo_proposta&orgao=21886630000185,https://pncp.gov.br/api/consulta/v1/contratacoes/publicacao?cnpj=21886630000185,PNCP_API_CONSULTA,Médio (Específico da Entidade)
266,MK TECNOLOGIA E SEGURANÇA,15.654.082/0001-65,2024-02-02,Software House / GovTech ERP Municipal,Multi-esfera / Municipal,Multi-UF,Provedor Integrado via API PNCP,https://pncp.gov.br/app/editais?q=&status=recebendo_proposta&orgao=15654082000165,https://pncp.gov.br/api/consulta/v1/contratacoes/publicacao?cnpj=15654082000165,PNCP_API_CONSULTA,Médio (Específico da Entidade)
267,SUDOESTE INFORMATICA E CONSULTORIA LTDA,09.543.618/0001-72,2024-02-02,Software House / GovTech ERP Municipal,Multi-esfera / Municipal,Multi-UF,Provedor Integrado via API PNCP,https://pncp.gov.br/app/editais?q=&status=recebendo_proposta&orgao=09543618000172,https://pncp.gov.br/api/consulta/v1/contratacoes/publicacao?cnpj=09543618000172,PNCP_API_CONSULTA,Médio (Específico da Entidade)
268,EAC EMPRESA DE ADM DE CONTRATOS LTDA,21.863.150/0001-07,2024-02-02,Software House / GovTech ERP Municipal,Multi-esfera / Municipal,Multi-UF,Provedor Integrado via API PNCP,https://pncp.gov.br/app/editais?q=&status=recebendo_proposta&orgao=21863150000107,https://pncp.gov.br/api/consulta/v1/contratacoes/publicacao?cnpj=21863150000107,PNCP_API_CONSULTA,Médio (Específico da Entidade)
269,MINISTÉRIO PÚBLICO DO ESTADO DE RONDÔNIA,04.381.083/0001-67,2024-02-02,Poder Judiciário / Funções Essenciais,Estadual,Estadual,Provedor Integrado via API PNCP,https://pncp.gov.br/app/editais?q=&status=recebendo_proposta&orgao=04381083000167,https://pncp.gov.br/api/consulta/v1/contratacoes/publicacao?cnpj=04381083000167,PNCP_API_CONSULTA,Médio (Específico da Entidade)
270,MUNICÍPIO DE INDAIATUBA,44.733.608/0001-09,2024-02-08,Prefeitura / Poder Executivo Municipal,Municipal,Municipal,Provedor Integrado via API PNCP,https://pncp.gov.br/app/editais?q=&status=recebendo_proposta&orgao=44733608000109,https://pncp.gov.br/api/consulta/v1/contratacoes/publicacao?cnpj=44733608000109,PNCP_API_CONSULTA,Médio (Específico da Entidade)
271,PROCURADORIA GERAL DA REPÚBLICA - MPF,26.989.715/0050-90,2024-02-14,Entidade Pública / Municipal,Municipal,Local,Provedor Integrado via API PNCP,https://pncp.gov.br/app/editais?q=&status=recebendo_proposta&orgao=26989715005090,https://pncp.gov.br/api/consulta/v1/contratacoes/publicacao?cnpj=26989715005090,PNCP_API_CONSULTA,Médio (Específico da Entidade)
272,SMART4 SISTEMAS E TECNOLOGIA LTDA,21.599.096/0001-26,2024-02-16,Software House / GovTech ERP Municipal,Multi-esfera / Municipal,Multi-UF,Provedor Integrado via API PNCP,https://pncp.gov.br/app/editais?q=&status=recebendo_proposta&orgao=21599096000126,https://pncp.gov.br/api/consulta/v1/contratacoes/publicacao?cnpj=21599096000126,PNCP_API_CONSULTA,Médio (Específico da Entidade)
273,PUBLITECH SOFTWARES LTDA / PUBLITECH,07.252.028/0001-65,2024-02-19,Software House / GovTech ERP Municipal,Multi-esfera / Municipal,Multi-UF,Provedor Integrado via API PNCP,https://pncp.gov.br/app/editais?q=&status=recebendo_proposta&orgao=07252028000165,https://pncp.gov.br/api/consulta/v1/contratacoes/publicacao?cnpj=07252028000165,PNCP_API_CONSULTA,Médio (Específico da Entidade)
274,BRM SOFTWARE DE GESTÃO PUBLICA LTDA,18.286.188/0001-41,2024-02-21,Software House / GovTech ERP Municipal,Multi-esfera / Municipal,Multi-UF,Provedor Integrado via API PNCP,https://pncp.gov.br/app/editais?q=&status=recebendo_proposta&orgao=18286188000141,https://pncp.gov.br/api/consulta/v1/contratacoes/publicacao?cnpj=18286188000141,PNCP_API_CONSULTA,Médio (Específico da Entidade)
275,NBS PRODUTOS PARA INFORMÁTICA CONSULTORIA E SISTEMAS LTDA,66.921.198/0001-54,2024-02-21,Software House / GovTech ERP Municipal,Multi-esfera / Municipal,Multi-UF,Provedor Integrado via API PNCP,https://pncp.gov.br/app/editais?q=&status=recebendo_proposta&orgao=66921198000154,https://pncp.gov.br/api/consulta/v1/contratacoes/publicacao?cnpj=66921198000154,PNCP_API_CONSULTA,Médio (Específico da Entidade)
276,TRIBUNAL DE CONTAS DO ESTADO DE MATO GROSSO,15.024.128/0001-62,2024-02-26,Órgão de Controle / Tribunal de Contas,Estadual,Estadual,Provedor Integrado via API PNCP,https://pncp.gov.br/app/editais?q=&status=recebendo_proposta&orgao=15024128000162,https://pncp.gov.br/api/consulta/v1/contratacoes/publicacao?cnpj=15024128000162,PNCP_API_CONSULTA,Médio (Específico da Entidade)
277,MUNICIPIO DE VARZEA GRANDE,03.507.548/0001-10,2024-02-28,Prefeitura / Poder Executivo Municipal,Municipal,Municipal,Provedor Integrado via API PNCP,https://pncp.gov.br/app/editais?q=&status=recebendo_proposta&orgao=03507548000110,https://pncp.gov.br/api/consulta/v1/contratacoes/publicacao?cnpj=03507548000110,PNCP_API_CONSULTA,Médio (Específico da Entidade)
278,SUPERIOR TRIBUNAL DE JUSTIÇA,00.488.478/0001-02,2024-02-28,Poder Judiciário / Funções Essenciais,Estadual,Estadual,Provedor Integrado via API PNCP,https://pncp.gov.br/app/editais?q=&status=recebendo_proposta&orgao=00488478000102,https://pncp.gov.br/api/consulta/v1/contratacoes/publicacao?cnpj=00488478000102,PNCP_API_CONSULTA,Médio (Específico da Entidade)
279,PREFEITURA DO MUNICÍPIO DE MAUÁ,46.522.959/0001-98,2024-03-01,Prefeitura / Poder Executivo Municipal,Municipal,Municipal,Provedor Integrado via API PNCP,https://pncp.gov.br/app/editais?q=&status=recebendo_proposta&orgao=46522959000198,https://pncp.gov.br/api/consulta/v1/contratacoes/publicacao?cnpj=46522959000198,PNCP_API_CONSULTA,Médio (Específico da Entidade)
280,INSTITUTO DE PREVIDÊNCIA DO MUNICÍPIO DE SÃO BERNARDO DO CAMPO - SBCPREV,14.337.579/0001-97,2024-03-06,Prefeitura / Poder Executivo Municipal,Municipal,Municipal,Provedor Integrado via API PNCP,https://pncp.gov.br/app/editais?q=&status=recebendo_proposta&orgao=14337579000197,https://pncp.gov.br/api/consulta/v1/contratacoes/publicacao?cnpj=14337579000197,PNCP_API_CONSULTA,Médio (Específico da Entidade)
281,INSTITUTO OFICIAL DE PUBLICIDADE LEGAL - IOP,20.024.219/0001-38,2024-03-11,Entidade Pública / Municipal,Municipal,Local,Provedor Integrado via API PNCP,https://pncp.gov.br/app/editais?q=&status=recebendo_proposta&orgao=20024219000138,https://pncp.gov.br/api/consulta/v1/contratacoes/publicacao?cnpj=20024219000138,PNCP_API_CONSULTA,Médio (Específico da Entidade)
282,JAQUEIRA CAMARA MUNICIPAL,01.613.990/0001-04,2024-03-12,Câmara / Poder Legislativo Municipal,Municipal,Municipal,Provedor Integrado via API PNCP,https://pncp.gov.br/app/editais?q=&status=recebendo_proposta&orgao=01613990000104,https://pncp.gov.br/api/consulta/v1/contratacoes/publicacao?cnpj=01613990000104,PNCP_API_CONSULTA,Médio (Específico da Entidade)
284,PREFEITURA MUNICIPAL DE CAMPINAS,51.885.242/0001-40,2024-03-18,Prefeitura / Poder Executivo Municipal,Municipal,Municipal,Provedor Integrado via API PNCP,https://pncp.gov.br/app/editais?q=&status=recebendo_proposta&orgao=51885242000140,https://pncp.gov.br/api/consulta/v1/contratacoes/publicacao?cnpj=51885242000140,PNCP_API_CONSULTA,Médio (Específico da Entidade)
285,SILC - TRIBUNAL REGIONAL DO TRABALHO DA 4ª REGIÃO,02.520.619/0001-52,2024-03-20,Entidade Pública / Municipal,Municipal,Local,Provedor Integrado via API PNCP,https://pncp.gov.br/app/editais?q=&status=recebendo_proposta&orgao=02520619000152,https://pncp.gov.br/api/consulta/v1/contratacoes/publicacao?cnpj=02520619000152,PNCP_API_CONSULTA,Médio (Específico da Entidade)
286,VENDASGOV,33.683.111/0001-07,2024-04-01,Entidade Pública / Municipal,Municipal,Local,Provedor Integrado via API PNCP,https://pncp.gov.br/app/editais?q=&status=recebendo_proposta&orgao=33683111000107,https://pncp.gov.br/api/consulta/v1/contratacoes/publicacao?cnpj=33683111000107,PNCP_API_CONSULTA,Médio (Específico da Entidade)
287,ASSEMBLEIA LEGISLATIVA DO ESTADO DE SANTA CATARINA,83.599.191/0001-87,2024-04-04,Governo Estadual / Secretaria Central,Estadual,Estadual,Provedor Integrado via API PNCP,https://pncp.gov.br/app/editais?q=&status=recebendo_proposta&orgao=83599191000187,https://pncp.gov.br/api/consulta/v1/contratacoes/publicacao?cnpj=83599191000187,PNCP_API_CONSULTA,Médio (Específico da Entidade)
288,FUNDAÇÃO UNIVERSIDADE REGIONAL DE BLUMENAU - FURB,82.662.958/0001-02,2024-04-05,Autarquia / Empresa Pública / Fundação / Consórcio,Estadual / Municipal,Local,Provedor Integrado via API PNCP,https://pncp.gov.br/app/editais?q=&status=recebendo_proposta&orgao=82662958000102,https://pncp.gov.br/api/consulta/v1/contratacoes/publicacao?cnpj=82662958000102,PNCP_API_CONSULTA,Médio (Específico da Entidade)
289,COMISSÃO DO EXÉRCITO BRASILEIRO EM WASHINGTON,00.394.452/0519-48,2024-04-08,Entidade Pública / Municipal,Municipal,Local,Provedor Integrado via API PNCP,https://pncp.gov.br/app/editais?q=&status=recebendo_proposta&orgao=00394452051948,https://pncp.gov.br/api/consulta/v1/contratacoes/publicacao?cnpj=00394452051948,PNCP_API_CONSULTA,Médio (Específico da Entidade)
290,CÂMARA MUNICIPAL DE BRAGANÇA PAULISTA,47.015.532/0001-66,2024-04-08,Câmara / Poder Legislativo Municipal,Municipal,Municipal,Provedor Integrado via API PNCP,https://pncp.gov.br/app/editais?q=&status=recebendo_proposta&orgao=47015532000166,https://pncp.gov.br/api/consulta/v1/contratacoes/publicacao?cnpj=47015532000166,PNCP_API_CONSULTA,Médio (Específico da Entidade)
291,CAIXA ECONOMICA FEDERAL,00.360.305/0001-04,2024-04-08,Entidade Pública / Municipal,Municipal,Local,Provedor Integrado via API PNCP,https://pncp.gov.br/app/editais?q=&status=recebendo_proposta&orgao=00360305000104,https://pncp.gov.br/api/consulta/v1/contratacoes/publicacao?cnpj=00360305000104,PNCP_API_CONSULTA,Médio (Específico da Entidade)
293,PREFEITURA MUNICIPAL DE GARANHUNS,11.303.906/0001-00,2024-04-10,Prefeitura / Poder Executivo Municipal,Municipal,Municipal,Provedor Integrado via API PNCP,https://pncp.gov.br/app/editais?q=&status=recebendo_proposta&orgao=11303906000100,https://pncp.gov.br/api/consulta/v1/contratacoes/publicacao?cnpj=11303906000100,PNCP_API_CONSULTA,Médio (Específico da Entidade)
294,PREFEITURA MUNICIPAL DE BETIM,18.715.391/0001-96,2024-04-10,Prefeitura / Poder Executivo Municipal,Municipal,Municipal,Provedor Integrado via API PNCP,https://pncp.gov.br/app/editais?q=&status=recebendo_proposta&orgao=18715391000196,https://pncp.gov.br/api/consulta/v1/contratacoes/publicacao?cnpj=18715391000196,PNCP_API_CONSULTA,Médio (Específico da Entidade)
295,J F REIS / ASSISTECH INFORMATICA,08.955.970/0001-52,2024-04-17,Software House / GovTech ERP Municipal,Multi-esfera / Municipal,Multi-UF,Provedor Integrado via API PNCP,https://pncp.gov.br/app/editais?q=&status=recebendo_proposta&orgao=08955970000152,https://pncp.gov.br/api/consulta/v1/contratacoes/publicacao?cnpj=08955970000152,PNCP_API_CONSULTA,Médio (Específico da Entidade)
297,"SECRETARIA MUNICIPAL DE ADMINISTRACAO, PLANEJAMENTO E GESTAO",04.312.641/0001-32,2024-04-22,Prefeitura / Poder Executivo Municipal,Municipal,Municipal,Provedor Integrado via API PNCP,https://pncp.gov.br/app/editais?q=&status=recebendo_proposta&orgao=04312641000132,https://pncp.gov.br/api/consulta/v1/contratacoes/publicacao?cnpj=04312641000132,PNCP_API_CONSULTA,Médio (Específico da Entidade)
298,PREFEITURA MUNICIPAL DE VERA CRUZ,72.887.078/0001-80,2024-04-24,Prefeitura / Poder Executivo Municipal,Municipal,Municipal,Provedor Integrado via API PNCP,https://pncp.gov.br/app/editais?q=&status=recebendo_proposta&orgao=72887078000180,https://pncp.gov.br/api/consulta/v1/contratacoes/publicacao?cnpj=72887078000180,PNCP_API_CONSULTA,Médio (Específico da Entidade)
299,CONCEITO TECNOLOGIA E ASSESSORIA LTDA,23.547.261/0001-21,2024-04-24,Software House / GovTech ERP Municipal,Multi-esfera / Municipal,Multi-UF,Provedor Integrado via API PNCP,https://pncp.gov.br/app/editais?q=&status=recebendo_proposta&orgao=23547261000121,https://pncp.gov.br/api/consulta/v1/contratacoes/publicacao?cnpj=23547261000121,PNCP_API_CONSULTA,Médio (Específico da Entidade)
300,CIMCERO - CONSORCIO INTERMUNICIPAL DA REGIAO CENTR,02.049.227/0001-57,2024-04-25,Autarquia / Empresa Pública / Fundação / Consórcio,Estadual / Municipal,Local,Provedor Integrado via API PNCP,https://pncp.gov.br/app/editais?q=&status=recebendo_proposta&orgao=02049227000157,https://pncp.gov.br/api/consulta/v1/contratacoes/publicacao?cnpj=02049227000157,PNCP_API_CONSULTA,Médio (Específico da Entidade)
301,ASES GESTÃO PÚBLICA LTDA,12.607.306/0001-90,2024-04-26,Software House / GovTech ERP Municipal,Multi-esfera / Municipal,Multi-UF,Provedor Integrado via API PNCP,https://pncp.gov.br/app/editais?q=&status=recebendo_proposta&orgao=12607306000190,https://pncp.gov.br/api/consulta/v1/contratacoes/publicacao?cnpj=12607306000190,PNCP_API_CONSULTA,Médio (Específico da Entidade)
302,MUNICIPIO DE BÁLSAMO,45.142.353/0001-64,2024-04-29,Prefeitura / Poder Executivo Municipal,Municipal,Municipal,Provedor Integrado via API PNCP,https://pncp.gov.br/app/editais?q=&status=recebendo_proposta&orgao=45142353000164,https://pncp.gov.br/api/consulta/v1/contratacoes/publicacao?cnpj=45142353000164,PNCP_API_CONSULTA,Médio (Específico da Entidade)
303,FACULDADE DE DIREITO DE SÃO BERNARDO DO CAMPO,59.108.100/0001-89,2024-04-30,Entidade Pública / Municipal,Municipal,Local,Provedor Integrado via API PNCP,https://pncp.gov.br/app/editais?q=&status=recebendo_proposta&orgao=59108100000189,https://pncp.gov.br/api/consulta/v1/contratacoes/publicacao?cnpj=59108100000189,PNCP_API_CONSULTA,Médio (Específico da Entidade)
304,ASSEMBLEIA LEGISLATIVA DO ESTADO DE RORAIMA,34.808.220/0001-68,2024-05-02,Governo Estadual / Secretaria Central,Estadual,Estadual,Provedor Integrado via API PNCP,https://pncp.gov.br/app/editais?q=&status=recebendo_proposta&orgao=34808220000168,https://pncp.gov.br/api/consulta/v1/contratacoes/publicacao?cnpj=34808220000168,PNCP_API_CONSULTA,Médio (Específico da Entidade)
306,PRFEITURA MUNICIPAL DE ESTREITO,07.070.873/0001-10,2024-05-07,Entidade Pública / Municipal,Municipal,Local,Provedor Integrado via API PNCP,https://pncp.gov.br/app/editais?q=&status=recebendo_proposta&orgao=07070873000110,https://pncp.gov.br/api/consulta/v1/contratacoes/publicacao?cnpj=07070873000110,PNCP_API_CONSULTA,Médio (Específico da Entidade)
307,A & T DEVLOPMENT LTDA,26.003.171/0001-68,2024-05-08,Software House / GovTech ERP Municipal,Multi-esfera / Municipal,Multi-UF,Provedor Integrado via API PNCP,https://pncp.gov.br/app/editais?q=&status=recebendo_proposta&orgao=26003171000168,https://pncp.gov.br/api/consulta/v1/contratacoes/publicacao?cnpj=26003171000168,PNCP_API_CONSULTA,Médio (Específico da Entidade)
308,MUNICÍPIO DE MIRANDÓPOLIS,44.438.968/0001-70,2024-05-09,Prefeitura / Poder Executivo Municipal,Municipal,Municipal,Provedor Integrado via API PNCP,https://pncp.gov.br/app/editais?q=&status=recebendo_proposta&orgao=44438968000170,https://pncp.gov.br/api/consulta/v1/contratacoes/publicacao?cnpj=44438968000170,PNCP_API_CONSULTA,Médio (Específico da Entidade)
309,CDZ TECNOLOGIA DA INFORMAÇÃO LTDA,67.389.122/0001-92,2024-05-09,Software House / GovTech ERP Municipal,Multi-esfera / Municipal,Multi-UF,Provedor Integrado via API PNCP,https://pncp.gov.br/app/editais?q=&status=recebendo_proposta&orgao=67389122000192,https://pncp.gov.br/api/consulta/v1/contratacoes/publicacao?cnpj=67389122000192,PNCP_API_CONSULTA,Médio (Específico da Entidade)
311,TRIBUNAL REGIONAL ELEITORAL DE PERNAMBUCO,05.790.065/0001-00,2024-05-13,Entidade Pública / Municipal,Municipal,Local,Provedor Integrado via API PNCP,https://pncp.gov.br/app/editais?q=&status=recebendo_proposta&orgao=05790065000100,https://pncp.gov.br/api/consulta/v1/contratacoes/publicacao?cnpj=05790065000100,PNCP_API_CONSULTA,Médio (Específico da Entidade)
312,MUNICIPIO DE QUATRO PONTES,95.719.381/0001-70,2024-05-15,Prefeitura / Poder Executivo Municipal,Municipal,Municipal,Provedor Integrado via API PNCP,https://pncp.gov.br/app/editais?q=&status=recebendo_proposta&orgao=95719381000170,https://pncp.gov.br/api/consulta/v1/contratacoes/publicacao?cnpj=95719381000170,PNCP_API_CONSULTA,Médio (Específico da Entidade)
313,SISTEMA INTEGRADO DE GESTÃO ORÇAMENTÁRIA E FINANCEIRA DA JUSTIÇA DO TRABALHO,17.270.702/0001-98,2024-05-17,Software House / GovTech ERP Municipal,Multi-esfera / Municipal,Multi-UF,Provedor Integrado via API PNCP,https://pncp.gov.br/app/editais?q=&status=recebendo_proposta&orgao=17270702000198,https://pncp.gov.br/api/consulta/v1/contratacoes/publicacao?cnpj=17270702000198,PNCP_API_CONSULTA,Médio (Específico da Entidade)
314,DIBUTE SOFTWARE,12.843.800/0001-53,2024-05-20,Software House / GovTech ERP Municipal,Multi-esfera / Municipal,Multi-UF,Provedor Integrado via API PNCP,https://pncp.gov.br/app/editais?q=&status=recebendo_proposta&orgao=12843800000153,https://pncp.gov.br/api/consulta/v1/contratacoes/publicacao?cnpj=12843800000153,PNCP_API_CONSULTA,Médio (Específico da Entidade)
316,CÂMARA MUNICIPAL DE BREJO,07.367.121/0001-15,2024-05-29,Câmara / Poder Legislativo Municipal,Municipal,Municipal,Provedor Integrado via API PNCP,https://pncp.gov.br/app/editais?q=&status=recebendo_proposta&orgao=07367121000115,https://pncp.gov.br/api/consulta/v1/contratacoes/publicacao?cnpj=07367121000115,PNCP_API_CONSULTA,Médio (Específico da Entidade)
317,DATTA SYSTEM TECNOLOGIA LTDA,07.727.569/0001-00,2024-06-03,Software House / GovTech ERP Municipal,Multi-esfera / Municipal,Multi-UF,Provedor Integrado via API PNCP,https://pncp.gov.br/app/editais?q=&status=recebendo_proposta&orgao=07727569000100,https://pncp.gov.br/api/consulta/v1/contratacoes/publicacao?cnpj=07727569000100,PNCP_API_CONSULTA,Médio (Específico da Entidade)
318,MUNICIPIO DE DIADEMA,46.523.247/0001-93,2024-06-03,Prefeitura / Poder Executivo Municipal,Municipal,Municipal,Provedor Integrado via API PNCP,https://pncp.gov.br/app/editais?q=&status=recebendo_proposta&orgao=46523247000193,https://pncp.gov.br/api/consulta/v1/contratacoes/publicacao?cnpj=46523247000193,PNCP_API_CONSULTA,Médio (Específico da Entidade)
319,A & M SOLUCOES PUBLICAS LTDA / A & M SOLUCOES PUBLICAS,23.112.368/0001-47,2024-06-06,Software House / GovTech ERP Municipal,Multi-esfera / Municipal,Multi-UF,Provedor Integrado via API PNCP,https://pncp.gov.br/app/editais?q=&status=recebendo_proposta&orgao=23112368000147,https://pncp.gov.br/api/consulta/v1/contratacoes/publicacao?cnpj=23112368000147,PNCP_API_CONSULTA,Médio (Específico da Entidade)
321,PREFEITURA MUNICIPAL DE JAGUARIAÍVA,76.910.900/0001-38,2024-06-14,Prefeitura / Poder Executivo Municipal,Municipal,Municipal,Provedor Integrado via API PNCP,https://pncp.gov.br/app/editais?q=&status=recebendo_proposta&orgao=76910900000138,https://pncp.gov.br/api/consulta/v1/contratacoes/publicacao?cnpj=76910900000138,PNCP_API_CONSULTA,Médio (Específico da Entidade)
322,EMPRESA MUNICIPAL DE SAÚDE,03.183.869/0001-07,2024-06-14,Entidade Pública / Municipal,Municipal,Local,Provedor Integrado via API PNCP,https://pncp.gov.br/app/editais?q=&status=recebendo_proposta&orgao=03183869000107,https://pncp.gov.br/api/consulta/v1/contratacoes/publicacao?cnpj=03183869000107,PNCP_API_CONSULTA,Médio (Específico da Entidade)
323,LIMA TECHSERVICES LTDA,42.058.542/0001-65,2024-06-21,Software House / GovTech ERP Municipal,Multi-esfera / Municipal,Multi-UF,Provedor Integrado via API PNCP,https://pncp.gov.br/app/editais?q=&status=recebendo_proposta&orgao=42058542000165,https://pncp.gov.br/api/consulta/v1/contratacoes/publicacao?cnpj=42058542000165,PNCP_API_CONSULTA,Médio (Específico da Entidade)
324,DÍGITHOBRASIL SOLUÇÕES EM SOFTWARE LTDA,04.496.152/0001-88,2024-07-03,Software House / GovTech ERP Municipal,Multi-esfera / Municipal,Multi-UF,Provedor Integrado via API PNCP,https://pncp.gov.br/app/editais?q=&status=recebendo_proposta&orgao=04496152000188,https://pncp.gov.br/api/consulta/v1/contratacoes/publicacao?cnpj=04496152000188,PNCP_API_CONSULTA,Médio (Específico da Entidade)
325,MUNICIPIO DE PARINTINS,04.329.736/0001-69,2024-07-05,Prefeitura / Poder Executivo Municipal,Municipal,Municipal,Provedor Integrado via API PNCP,https://pncp.gov.br/app/editais?q=&status=recebendo_proposta&orgao=04329736000169,https://pncp.gov.br/api/consulta/v1/contratacoes/publicacao?cnpj=04329736000169,PNCP_API_CONSULTA,Médio (Específico da Entidade)
326,TRIBUNAL DE CONTAS DO ESTADO DO ACRE,04.035.135/0001-43,2024-07-18,Órgão de Controle / Tribunal de Contas,Estadual,Estadual,Provedor Integrado via API PNCP,https://pncp.gov.br/app/editais?q=&status=recebendo_proposta&orgao=04035135000143,https://pncp.gov.br/api/consulta/v1/contratacoes/publicacao?cnpj=04035135000143,PNCP_API_CONSULTA,Médio (Específico da Entidade)
327,MODERNA SISTEMA DE INOVAÇÃO LIMITADA,39.501.538/0001-15,2024-08-07,Entidade Pública / Municipal,Municipal,Local,Provedor Integrado via API PNCP,https://pncp.gov.br/app/editais?q=&status=recebendo_proposta&orgao=39501538000115,https://pncp.gov.br/api/consulta/v1/contratacoes/publicacao?cnpj=39501538000115,PNCP_API_CONSULTA,Médio (Específico da Entidade)
329,LICITACONNECT - LICITACOES ELETRONICAS E ASSESSORIA LTDA / LICITACONNECT,54.253.076/0001-58,2024-08-12,Software House / GovTech ERP Municipal,Multi-esfera / Municipal,Multi-UF,Provedor Integrado via API PNCP,https://pncp.gov.br/app/editais?q=&status=recebendo_proposta&orgao=54253076000158,https://pncp.gov.br/api/consulta/v1/contratacoes/publicacao?cnpj=54253076000158,PNCP_API_CONSULTA,Médio (Específico da Entidade)
330,TECNOPÚBLICA - TECNOLOGIA EM ADMINISTRAÇÃO PÚBLICA,09.088.110/0001-21,2024-08-14,Software House / GovTech ERP Municipal,Multi-esfera / Municipal,Multi-UF,Provedor Integrado via API PNCP,https://pncp.gov.br/app/editais?q=&status=recebendo_proposta&orgao=09088110000121,https://pncp.gov.br/api/consulta/v1/contratacoes/publicacao?cnpj=09088110000121,PNCP_API_CONSULTA,Médio (Específico da Entidade)
331,CENTRO DE SERVIÇOS COMPARTILHADOS - CSC,03.930.106/0001-82,2024-08-14,Entidade Pública / Municipal,Municipal,Local,Provedor Integrado via API PNCP,https://pncp.gov.br/app/editais?q=&status=recebendo_proposta&orgao=03930106000182,https://pncp.gov.br/api/consulta/v1/contratacoes/publicacao?cnpj=03930106000182,PNCP_API_CONSULTA,Médio (Específico da Entidade)
334,EMPRESA DE PESQUISA AGROPECUÁRIA E EXTENSÃO RURAL DE SANTA CATARINA,83.052.191/0001-62,2024-09-16,Autarquia / Empresa Pública / Fundação / Consórcio,Estadual / Municipal,Local,Provedor Integrado via API PNCP,https://pncp.gov.br/app/editais?q=&status=recebendo_proposta&orgao=83052191000162,https://pncp.gov.br/api/consulta/v1/contratacoes/publicacao?cnpj=83052191000162,PNCP_API_CONSULTA,Médio (Específico da Entidade)
335,PROSISCO PROJETOS DE SISTEMAS LTDA - EPP,16.868.770/0001-90,2024-09-18,Software House / GovTech ERP Municipal,Multi-esfera / Municipal,Multi-UF,Provedor Integrado via API PNCP,https://pncp.gov.br/app/editais?q=&status=recebendo_proposta&orgao=16868770000190,https://pncp.gov.br/api/consulta/v1/contratacoes/publicacao?cnpj=16868770000190,PNCP_API_CONSULTA,Médio (Específico da Entidade)
336,GUIMARÃES SISTEMAS GESTÃO E TECNOLOGIA LTDA,17.306.092/0001-35,2024-09-26,Software House / GovTech ERP Municipal,Multi-esfera / Municipal,Multi-UF,Provedor Integrado via API PNCP,https://pncp.gov.br/app/editais?q=&status=recebendo_proposta&orgao=17306092000135,https://pncp.gov.br/api/consulta/v1/contratacoes/publicacao?cnpj=17306092000135,PNCP_API_CONSULTA,Médio (Específico da Entidade)
337,DURA-LEX SISTEMAS DE GESTAO PUBLICA LTDA-EPP,86.952.587/0001-54,2024-10-03,Software House / GovTech ERP Municipal,Multi-esfera / Municipal,Multi-UF,Provedor Integrado via API PNCP,https://pncp.gov.br/app/editais?q=&status=recebendo_proposta&orgao=86952587000154,https://pncp.gov.br/api/consulta/v1/contratacoes/publicacao?cnpj=86952587000154,PNCP_API_CONSULTA,Médio (Específico da Entidade)
340,MINISTERIO PUBLICO DO ESTADO DE SANTA CATARINA PROCURADORIA GERAL DE JUSTICA,76.276.849/0001-54,2024-10-22,Poder Judiciário / Funções Essenciais,Estadual,Estadual,Provedor Integrado via API PNCP,https://pncp.gov.br/app/editais?q=&status=recebendo_proposta&orgao=76276849000154,https://pncp.gov.br/api/consulta/v1/contratacoes/publicacao?cnpj=76276849000154,PNCP_API_CONSULTA,Médio (Específico da Entidade)
341,UMUPP,42.715.505/0001-82,2024-10-31,Entidade Pública / Municipal,Municipal,Local,Provedor Integrado via API PNCP,https://pncp.gov.br/app/editais?q=&status=recebendo_proposta&orgao=42715505000182,https://pncp.gov.br/api/consulta/v1/contratacoes/publicacao?cnpj=42715505000182,PNCP_API_CONSULTA,Médio (Específico da Entidade)
342,PREFEITURA MUNICIPAL DO RIO GRANDE,88.566.872/0001-62,2024-11-21,Prefeitura / Poder Executivo Municipal,Municipal,Municipal,Provedor Integrado via API PNCP,https://pncp.gov.br/app/editais?q=&status=recebendo_proposta&orgao=88566872000162,https://pncp.gov.br/api/consulta/v1/contratacoes/publicacao?cnpj=88566872000162,PNCP_API_CONSULTA,Médio (Específico da Entidade)
344,ASSECASP - ASSESSORIA EM CONTABILIDADE APLICADA AO SETOR PÚBLICO LTDA.,21.840.933/0001-67,2024-12-13,Software House / GovTech ERP Municipal,Multi-esfera / Municipal,Multi-UF,Provedor Integrado via API PNCP,https://pncp.gov.br/app/editais?q=&status=recebendo_proposta&orgao=21840933000167,https://pncp.gov.br/api/consulta/v1/contratacoes/publicacao?cnpj=21840933000167,PNCP_API_CONSULTA,Médio (Específico da Entidade)
345,SECRETARIA DE GESTÃO E GOVERNO DIGITAL,39.467.292/0001-02,2024-12-18,Entidade Pública / Municipal,Municipal,Local,Provedor Integrado via API PNCP,https://pncp.gov.br/app/editais?q=&status=recebendo_proposta&orgao=39467292000102,https://pncp.gov.br/api/consulta/v1/contratacoes/publicacao?cnpj=39467292000102,PNCP_API_CONSULTA,Médio (Específico da Entidade)
346,SECRETARIA DE ESTADO DE INFRAESTRUTURA,05.533.935/0001-57,2025-01-06,Governo Estadual / Secretaria Central,Estadual,Estadual,Provedor Integrado via API PNCP,https://pncp.gov.br/app/editais?q=&status=recebendo_proposta&orgao=05533935000157,https://pncp.gov.br/api/consulta/v1/contratacoes/publicacao?cnpj=05533935000157,PNCP_API_CONSULTA,Médio (Específico da Entidade)
348,TRIBUNAL REGIONAL FEDERAL DA 5º REGIÃO,24.130.072/0001-11,2025-01-14,Entidade Pública / Municipal,Municipal,Local,Provedor Integrado via API PNCP,https://pncp.gov.br/app/editais?q=&status=recebendo_proposta&orgao=24130072000111,https://pncp.gov.br/api/consulta/v1/contratacoes/publicacao?cnpj=24130072000111,PNCP_API_CONSULTA,Médio (Específico da Entidade)
349,SITCON TECNOLOGIA DA INFORMAÇÃO,10.308.170/0001-91,2025-01-15,Software House / GovTech ERP Municipal,Multi-esfera / Municipal,Multi-UF,Provedor Integrado via API PNCP,https://pncp.gov.br/app/editais?q=&status=recebendo_proposta&orgao=10308170000191,https://pncp.gov.br/api/consulta/v1/contratacoes/publicacao?cnpj=10308170000191,PNCP_API_CONSULTA,Médio (Específico da Entidade)
350,PORTAL GOV SERVICOS DIGITAIS LTDA / PORTAL GOV,25.176.060/0001-90,2025-01-20,Software House / GovTech ERP Municipal,Multi-esfera / Municipal,Multi-UF,Provedor Integrado via API PNCP,https://pncp.gov.br/app/editais?q=&status=recebendo_proposta&orgao=25176060000190,https://pncp.gov.br/api/consulta/v1/contratacoes/publicacao?cnpj=25176060000190,PNCP_API_CONSULTA,Médio (Específico da Entidade)
351,CONTRATA+BRASIL,11.006.269/0001-00,2025-02-06,Entidade Pública / Municipal,Municipal,Local,Provedor Integrado via API PNCP,https://pncp.gov.br/app/editais?q=&status=recebendo_proposta&orgao=11006269000100,https://pncp.gov.br/api/consulta/v1/contratacoes/publicacao?cnpj=11006269000100,PNCP_API_CONSULTA,Médio (Específico da Entidade)
353,TENOSOFT SOFTWARE LTDA,03.527.052/0001-09,2025-02-06,Software House / GovTech ERP Municipal,Multi-esfera / Municipal,Multi-UF,Provedor Integrado via API PNCP,https://pncp.gov.br/app/editais?q=&status=recebendo_proposta&orgao=03527052000109,https://pncp.gov.br/api/consulta/v1/contratacoes/publicacao?cnpj=03527052000109,PNCP_API_CONSULTA,Médio (Específico da Entidade)
354,"FUNCATE- FUNDAÇÃO DE CIÊNCIA, APLICAÇÕES E TECNOLOGIA ESPACIAIS",51.619.104/0001-10,2025-02-18,Autarquia / Empresa Pública / Fundação / Consórcio,Estadual / Municipal,Local,Provedor Integrado via API PNCP,https://pncp.gov.br/app/editais?q=&status=recebendo_proposta&orgao=51619104000110,https://pncp.gov.br/api/consulta/v1/contratacoes/publicacao?cnpj=51619104000110,PNCP_API_CONSULTA,Médio (Específico da Entidade)
355,GARANHUNS CAMARA MUNICIPAL,11.478.534/0001-44,2025-02-20,Câmara / Poder Legislativo Municipal,Municipal,Municipal,Provedor Integrado via API PNCP,https://pncp.gov.br/app/editais?q=&status=recebendo_proposta&orgao=11478534000144,https://pncp.gov.br/api/consulta/v1/contratacoes/publicacao?cnpj=11478534000144,PNCP_API_CONSULTA,Médio (Específico da Entidade)
356,GREENCOMPRAS,06.553.564/0001-38,2025-02-21,Entidade Pública / Municipal,Municipal,Local,Provedor Integrado via API PNCP,https://pncp.gov.br/app/editais?q=&status=recebendo_proposta&orgao=06553564000138,https://pncp.gov.br/api/consulta/v1/contratacoes/publicacao?cnpj=06553564000138,PNCP_API_CONSULTA,Médio (Específico da Entidade)
357,BANCO NACIONAL DE DESENVOLVIMENTO ECONÔMICO E SOCIAL,33.657.248/0001-89,2025-02-25,Software House / GovTech ERP Municipal,Multi-esfera / Municipal,Multi-UF,Provedor Integrado via API PNCP,https://pncp.gov.br/app/editais?q=&status=recebendo_proposta&orgao=33657248000189,https://pncp.gov.br/api/consulta/v1/contratacoes/publicacao?cnpj=33657248000189,PNCP_API_CONSULTA,Médio (Específico da Entidade)
361,REDE GERAL SERVIÇOS,08.241.186/0001-82,2025-03-13,Entidade Pública / Municipal,Municipal,Local,Provedor Integrado via API PNCP,https://pncp.gov.br/app/editais?q=&status=recebendo_proposta&orgao=08241186000182,https://pncp.gov.br/api/consulta/v1/contratacoes/publicacao?cnpj=08241186000182,PNCP_API_CONSULTA,Médio (Específico da Entidade)
362,SUPERIOR TRIBUNAL MILITAR,00.497.560/0001-01,2025-03-19,Entidade Pública / Municipal,Municipal,Local,Provedor Integrado via API PNCP,https://pncp.gov.br/app/editais?q=&status=recebendo_proposta&orgao=00497560000101,https://pncp.gov.br/api/consulta/v1/contratacoes/publicacao?cnpj=00497560000101,PNCP_API_CONSULTA,Médio (Específico da Entidade)
363,SISTEMA CORPORATIVO DE GESTÃO DE CONTRATOS DO DISTRITO FEDERAL (E-CONTRATOSDF),00.394.601/0001-26,2025-03-25,Entidade Pública / Municipal,Municipal,Local,Provedor Integrado via API PNCP,https://pncp.gov.br/app/editais?q=&status=recebendo_proposta&orgao=00394601000126,https://pncp.gov.br/api/consulta/v1/contratacoes/publicacao?cnpj=00394601000126,PNCP_API_CONSULTA,Médio (Específico da Entidade)
364,SUPERINTENDÊNCIA DA ZONA FRANCA DE MANAUS,04.407.029/0001-43,2025-04-03,Entidade Pública / Municipal,Municipal,Local,Provedor Integrado via API PNCP,https://pncp.gov.br/app/editais?q=&status=recebendo_proposta&orgao=04407029000143,https://pncp.gov.br/api/consulta/v1/contratacoes/publicacao?cnpj=04407029000143,PNCP_API_CONSULTA,Médio (Específico da Entidade)
365,CAMARA MUNICIPAL DE CONFRESA-MT,37.465.358/0001-08,2025-04-08,Câmara / Poder Legislativo Municipal,Municipal,Municipal,Provedor Integrado via API PNCP,https://pncp.gov.br/app/editais?q=&status=recebendo_proposta&orgao=37465358000108,https://pncp.gov.br/api/consulta/v1/contratacoes/publicacao?cnpj=37465358000108,PNCP_API_CONSULTA,Médio (Específico da Entidade)
366,B2B - SERVIÇOS E TECNOLOGIA LTDA,31.668.209/0001-51,2025-04-16,Software House / GovTech ERP Municipal,Multi-esfera / Municipal,Multi-UF,Provedor Integrado via API PNCP,https://pncp.gov.br/app/editais?q=&status=recebendo_proposta&orgao=31668209000151,https://pncp.gov.br/api/consulta/v1/contratacoes/publicacao?cnpj=31668209000151,PNCP_API_CONSULTA,Médio (Específico da Entidade)
367,MUNICIPIO DE IBITIARA,13.781.828/0001-76,2025-04-30,Prefeitura / Poder Executivo Municipal,Municipal,Municipal,Provedor Integrado via API PNCP,https://pncp.gov.br/app/editais?q=&status=recebendo_proposta&orgao=13781828000176,https://pncp.gov.br/api/consulta/v1/contratacoes/publicacao?cnpj=13781828000176,PNCP_API_CONSULTA,Médio (Específico da Entidade)
368,I3 SOLUCOES LTDA,03.307.395/0001-68,2025-05-07,Software House / GovTech ERP Municipal,Multi-esfera / Municipal,Multi-UF,Provedor Integrado via API PNCP,https://pncp.gov.br/app/editais?q=&status=recebendo_proposta&orgao=03307395000168,https://pncp.gov.br/api/consulta/v1/contratacoes/publicacao?cnpj=03307395000168,PNCP_API_CONSULTA,Médio (Específico da Entidade)
369,AUTARQUIA DE ENSINO SUPERIOR DE GARANHUNS AESGA,11.224.920/0001-00,2025-05-27,Entidade Pública / Municipal,Municipal,Local,Provedor Integrado via API PNCP,https://pncp.gov.br/app/editais?q=&status=recebendo_proposta&orgao=11224920000100,https://pncp.gov.br/api/consulta/v1/contratacoes/publicacao?cnpj=11224920000100,PNCP_API_CONSULTA,Médio (Específico da Entidade)
370,SECRETARIA DA FAZENDA (PROJETO DE APOIO A M. E A T. DA GESTAO FISCAL- PROFISCO),10.572.014/0010-24,2025-05-30,Entidade Pública / Municipal,Municipal,Local,Provedor Integrado via API PNCP,https://pncp.gov.br/app/editais?q=&status=recebendo_proposta&orgao=10572014001024,https://pncp.gov.br/api/consulta/v1/contratacoes/publicacao?cnpj=10572014001024,PNCP_API_CONSULTA,Médio (Específico da Entidade)
371,SECRETARIA DA FAZENDA DO ESTADO DE PERNAMBUCO,10.572.014/0001-33,2025-06-02,Governo Estadual / Secretaria Central,Estadual,Estadual,Provedor Integrado via API PNCP,https://pncp.gov.br/app/editais?q=&status=recebendo_proposta&orgao=10572014000133,https://pncp.gov.br/api/consulta/v1/contratacoes/publicacao?cnpj=10572014000133,PNCP_API_CONSULTA,Médio (Específico da Entidade)
372,MGI MINAS GERAIS PARTICIPACOES S.A,19.296.342/0001-29,2025-06-03,Software House / GovTech ERP Municipal,Multi-esfera / Municipal,Multi-UF,Provedor Integrado via API PNCP,https://pncp.gov.br/app/editais?q=&status=recebendo_proposta&orgao=19296342000129,https://pncp.gov.br/api/consulta/v1/contratacoes/publicacao?cnpj=19296342000129,PNCP_API_CONSULTA,Médio (Específico da Entidade)
373,PREFEITURA MUNICIPAL DE CONFRESA,37.464.716/0001-50,2025-06-04,Prefeitura / Poder Executivo Municipal,Municipal,Municipal,Provedor Integrado via API PNCP,https://pncp.gov.br/app/editais?q=&status=recebendo_proposta&orgao=37464716000150,https://pncp.gov.br/api/consulta/v1/contratacoes/publicacao?cnpj=37464716000150,PNCP_API_CONSULTA,Médio (Específico da Entidade)
374,TRIBUNAL REGIONAL ELEITORAL DO RIO GRANDE DO SUL,05.885.797/0001-75,2025-06-06,Entidade Pública / Municipal,Municipal,Local,Provedor Integrado via API PNCP,https://pncp.gov.br/app/editais?q=&status=recebendo_proposta&orgao=05885797000175,https://pncp.gov.br/api/consulta/v1/contratacoes/publicacao?cnpj=05885797000175,PNCP_API_CONSULTA,Médio (Específico da Entidade)
375,PROCURADORIA-GERAL DE JUSTIÇA DO ESTADO DE MINAS GERAIS,20.971.057/0001-45,2025-06-09,Governo Estadual / Secretaria Central,Estadual,Estadual,Provedor Integrado via API PNCP,https://pncp.gov.br/app/editais?q=&status=recebendo_proposta&orgao=20971057000145,https://pncp.gov.br/api/consulta/v1/contratacoes/publicacao?cnpj=20971057000145,PNCP_API_CONSULTA,Médio (Específico da Entidade)
376,MUNICIPIO DE AFOGADOS DA INGAZEIRA,10.346.096/0001-06,2025-06-10,Prefeitura / Poder Executivo Municipal,Municipal,Municipal,Provedor Integrado via API PNCP,https://pncp.gov.br/app/editais?q=&status=recebendo_proposta&orgao=10346096000106,https://pncp.gov.br/api/consulta/v1/contratacoes/publicacao?cnpj=10346096000106,PNCP_API_CONSULTA,Médio (Específico da Entidade)
377,EAD SISTEMAS DE GESTAO E TREINAMENTO LTDA,05.671.209/0001-09,2025-06-11,Software House / GovTech ERP Municipal,Multi-esfera / Municipal,Multi-UF,Provedor Integrado via API PNCP,https://pncp.gov.br/app/editais?q=&status=recebendo_proposta&orgao=05671209000109,https://pncp.gov.br/api/consulta/v1/contratacoes/publicacao?cnpj=05671209000109,PNCP_API_CONSULTA,Médio (Específico da Entidade)
378,CATCH TECHNOLOGY AND SERVICES CORPORATION LTDA,48.765.533/0001-90,2025-06-12,Software House / GovTech ERP Municipal,Multi-esfera / Municipal,Multi-UF,Provedor Integrado via API PNCP,https://pncp.gov.br/app/editais?q=&status=recebendo_proposta&orgao=48765533000190,https://pncp.gov.br/api/consulta/v1/contratacoes/publicacao?cnpj=48765533000190,PNCP_API_CONSULTA,Médio (Específico da Entidade)
379,TRIBUNAL REGIONAL ELEITORAL DO TOCANTINS,05.789.902/0001-72,2025-06-25,Entidade Pública / Municipal,Municipal,Local,Provedor Integrado via API PNCP,https://pncp.gov.br/app/editais?q=&status=recebendo_proposta&orgao=05789902000172,https://pncp.gov.br/api/consulta/v1/contratacoes/publicacao?cnpj=05789902000172,PNCP_API_CONSULTA,Médio (Específico da Entidade)
380,CÂMARA MUNICIPAL DE MANAUS,04.503.504/0001-85,2025-06-25,Câmara / Poder Legislativo Municipal,Municipal,Municipal,Provedor Integrado via API PNCP,https://pncp.gov.br/app/editais?q=&status=recebendo_proposta&orgao=04503504000185,https://pncp.gov.br/api/consulta/v1/contratacoes/publicacao?cnpj=04503504000185,PNCP_API_CONSULTA,Médio (Específico da Entidade)
383,ATENA PREPARADORA DE LEILÕES E GESTÃO DE PÁTIOS LTDA,20.089.941/0001-50,2025-07-09,Software House / GovTech ERP Municipal,Multi-esfera / Municipal,Multi-UF,Provedor Integrado via API PNCP,https://pncp.gov.br/app/editais?q=&status=recebendo_proposta&orgao=20089941000150,https://pncp.gov.br/api/consulta/v1/contratacoes/publicacao?cnpj=20089941000150,PNCP_API_CONSULTA,Médio (Específico da Entidade)
385,PLATAFORMA LEILÕES JUDICIAIS,05.358.321/0001-86,2025-08-04,Entidade Pública / Municipal,Municipal,Local,Provedor Integrado via API PNCP,https://pncp.gov.br/app/editais?q=&status=recebendo_proposta&orgao=05358321000186,https://pncp.gov.br/api/consulta/v1/contratacoes/publicacao?cnpj=05358321000186,PNCP_API_CONSULTA,Médio (Específico da Entidade)
386,TRE-BA,05.967.350/0001-45,2025-08-12,Entidade Pública / Municipal,Municipal,Local,Provedor Integrado via API PNCP,https://pncp.gov.br/app/editais?q=&status=recebendo_proposta&orgao=05967350000145,https://pncp.gov.br/api/consulta/v1/contratacoes/publicacao?cnpj=05967350000145,PNCP_API_CONSULTA,Médio (Específico da Entidade)
387,CUBE APPS CONSULTORIA E SOLUCOES LTDA,28.333.626/0001-39,2025-08-20,Software House / GovTech ERP Municipal,Multi-esfera / Municipal,Multi-UF,Provedor Integrado via API PNCP,https://pncp.gov.br/app/editais?q=&status=recebendo_proposta&orgao=28333626000139,https://pncp.gov.br/api/consulta/v1/contratacoes/publicacao?cnpj=28333626000139,PNCP_API_CONSULTA,Médio (Específico da Entidade)
389,TRIBUNAL DE JUSTIÇA DE PERNAMBUCO,11.431.327/0001-34,2025-08-29,Poder Judiciário / Funções Essenciais,Estadual,Estadual,Provedor Integrado via API PNCP,https://pncp.gov.br/app/editais?q=&status=recebendo_proposta&orgao=11431327000134,https://pncp.gov.br/api/consulta/v1/contratacoes/publicacao?cnpj=11431327000134,PNCP_API_CONSULTA,Médio (Específico da Entidade)
390,R A BEZERRIL CONTABILIDADE PUBLICA ME,17.347.450/0001-58,2025-09-01,Software House / GovTech ERP Municipal,Multi-esfera / Municipal,Multi-UF,Provedor Integrado via API PNCP,https://pncp.gov.br/app/editais?q=&status=recebendo_proposta&orgao=17347450000158,https://pncp.gov.br/api/consulta/v1/contratacoes/publicacao?cnpj=17347450000158,PNCP_API_CONSULTA,Médio (Específico da Entidade)
392,SECRETARIA DE ADMINISTRACAO DO GOVERNO DO ESTADO DE PE,10.572.022/0001-80,2025-09-16,Governo Estadual / Secretaria Central,Estadual,PE,PE Integrado (SAD PE),https://peintegrado.pe.gov.br,https://pncp.gov.br/api/consulta/v1/contratacoes/publicacao?cnpj=10572022000180,WEB_PORTAL,Alto (Estado de Pernambuco)
394,PREFEITURA MUNICIPAL DE UBERLÂNDIA,18.431.312/0006-20,2025-09-17,Prefeitura / Poder Executivo Municipal,Municipal,Municipal,Provedor Integrado via API PNCP,https://pncp.gov.br/app/editais?q=&status=recebendo_proposta&orgao=18431312000620,https://pncp.gov.br/api/consulta/v1/contratacoes/publicacao?cnpj=18431312000620,PNCP_API_CONSULTA,Médio (Específico da Entidade)
398,PREFEITURA MUNICIPAL DE PRESIDENTE PRUDENTE,55.356.653/0001-08,2025-10-28,Prefeitura / Poder Executivo Municipal,Municipal,Municipal,Provedor Integrado via API PNCP,https://pncp.gov.br/app/editais?q=&status=recebendo_proposta&orgao=55356653000108,https://pncp.gov.br/api/consulta/v1/contratacoes/publicacao?cnpj=55356653000108,PNCP_API_CONSULTA,Médio (Específico da Entidade)
400,GLOBAL AUCTION ORGANIZACAO DE LEILOES LIMITADA,05.399.791/0001-98,2025-10-31,Entidade Pública / Municipal,Municipal,Local,Provedor Integrado via API PNCP,https://pncp.gov.br/app/editais?q=&status=recebendo_proposta&orgao=05399791000198,https://pncp.gov.br/api/consulta/v1/contratacoes/publicacao?cnpj=05399791000198,PNCP_API_CONSULTA,Médio (Específico da Entidade)
402,ASSEMBLEIA LEGISLATIVA DO ESTADO DO AMAZONAS,04.530.820/0001-46,2025-11-13,Governo Estadual / Secretaria Central,Estadual,Estadual,Provedor Integrado via API PNCP,https://pncp.gov.br/app/editais?q=&status=recebendo_proposta&orgao=04530820000146,https://pncp.gov.br/api/consulta/v1/contratacoes/publicacao?cnpj=04530820000146,PNCP_API_CONSULTA,Médio (Específico da Entidade)
403,MUNICÍPIO DE CANDELÁRIA,87.568.911/0001-06,2025-11-13,Prefeitura / Poder Executivo Municipal,Municipal,Municipal,Provedor Integrado via API PNCP,https://pncp.gov.br/app/editais?q=&status=recebendo_proposta&orgao=87568911000106,https://pncp.gov.br/api/consulta/v1/contratacoes/publicacao?cnpj=87568911000106,PNCP_API_CONSULTA,Médio (Específico da Entidade)
404,SOLAR CONSULTORIA E SERVICOS DE INFORMATICA LTDA,03.551.831/0001-40,2025-11-13,Software House / GovTech ERP Municipal,Multi-esfera / Municipal,Multi-UF,Provedor Integrado via API PNCP,https://pncp.gov.br/app/editais?q=&status=recebendo_proposta&orgao=03551831000140,https://pncp.gov.br/api/consulta/v1/contratacoes/publicacao?cnpj=03551831000140,PNCP_API_CONSULTA,Médio (Específico da Entidade)
406,APOIOTECH LTDA,62.082.219/0001-34,2025-11-25,Software House / GovTech ERP Municipal,Multi-esfera / Municipal,Multi-UF,Provedor Integrado via API PNCP,https://pncp.gov.br/app/editais?q=&status=recebendo_proposta&orgao=62082219000134,https://pncp.gov.br/api/consulta/v1/contratacoes/publicacao?cnpj=62082219000134,PNCP_API_CONSULTA,Médio (Específico da Entidade)
407,G A C MOTA - DIGIMAX,01.261.303/0001-20,2025-11-28,Entidade Pública / Municipal,Municipal,Local,Provedor Integrado via API PNCP,https://pncp.gov.br/app/editais?q=&status=recebendo_proposta&orgao=01261303000120,https://pncp.gov.br/api/consulta/v1/contratacoes/publicacao?cnpj=01261303000120,PNCP_API_CONSULTA,Médio (Específico da Entidade)
408,TRIBUNAL SUPERIOR ELEITORAL,00.509.018/0001-13,2025-11-28,Entidade Pública / Municipal,Municipal,Local,Provedor Integrado via API PNCP,https://pncp.gov.br/app/editais?q=&status=recebendo_proposta&orgao=00509018000113,https://pncp.gov.br/api/consulta/v1/contratacoes/publicacao?cnpj=00509018000113,PNCP_API_CONSULTA,Médio (Específico da Entidade)
411,AIRDOC PUBLICACOES LTDA,08.765.411/0001-80,2025-12-10,Software House / GovTech ERP Municipal,Multi-esfera / Municipal,Multi-UF,Provedor Integrado via API PNCP,https://pncp.gov.br/app/editais?q=&status=recebendo_proposta&orgao=08765411000180,https://pncp.gov.br/api/consulta/v1/contratacoes/publicacao?cnpj=08765411000180,PNCP_API_CONSULTA,Médio (Específico da Entidade)
412,STRING,05.903.125/0001-45,2025-12-12,Entidade Pública / Municipal,Municipal,Local,Provedor Integrado via API PNCP,https://pncp.gov.br/app/editais?q=&status=recebendo_proposta&orgao=05903125000145,https://pncp.gov.br/api/consulta/v1/contratacoes/publicacao?cnpj=05903125000145,PNCP_API_CONSULTA,Médio (Específico da Entidade)
413,MINISTÉRIO PÚBLICO DO ESTADO DO ESPÍRITO SANTO,02.304.470/0001-74,2025-12-12,Poder Judiciário / Funções Essenciais,Estadual,Estadual,Provedor Integrado via API PNCP,https://pncp.gov.br/app/editais?q=&status=recebendo_proposta&orgao=02304470000174,https://pncp.gov.br/api/consulta/v1/contratacoes/publicacao?cnpj=02304470000174,PNCP_API_CONSULTA,Médio (Específico da Entidade)
523,CITYNEX SOLUÇÕES EM TECNOLOGIA LTDA,33.626.878/0001-96,2026-01-12,Software House / GovTech ERP Municipal,Multi-esfera / Municipal,Multi-UF,Provedor Integrado via API PNCP,https://pncp.gov.br/app/editais?q=&status=recebendo_proposta&orgao=33626878000196,https://pncp.gov.br/api/consulta/v1/contratacoes/publicacao?cnpj=33626878000196,PNCP_API_CONSULTA,Médio (Específico da Entidade)
635,S3 CONSULTORIA E SISTEMAS LTDA,37.991.280/0001-57,2026-01-19,Software House / GovTech ERP Municipal,Multi-esfera / Municipal,Multi-UF,Provedor Integrado via API PNCP,https://pncp.gov.br/app/editais?q=&status=recebendo_proposta&orgao=37991280000157,https://pncp.gov.br/api/consulta/v1/contratacoes/publicacao?cnpj=37991280000157,PNCP_API_CONSULTA,Médio (Específico da Entidade)
894,E S E S ANDRADE SOLUCOES EM TECNOLOGIA,62.920.663/0001-81,2026-01-30,Software House / GovTech ERP Municipal,Multi-esfera / Municipal,Multi-UF,Provedor Integrado via API PNCP,https://pncp.gov.br/app/editais?q=&status=recebendo_proposta&orgao=62920663000181,https://pncp.gov.br/api/consulta/v1/contratacoes/publicacao?cnpj=62920663000181,PNCP_API_CONSULTA,Médio (Específico da Entidade)
898,SERVENDAS - PLANEJAMENTO E ORGANIZACAO DE EVENTOS LTDA,13.998.559/0001-02,2026-02-02,Software House / GovTech ERP Municipal,Multi-esfera / Municipal,Multi-UF,Provedor Integrado via API PNCP,https://pncp.gov.br/app/editais?q=&status=recebendo_proposta&orgao=13998559000102,https://pncp.gov.br/api/consulta/v1/contratacoes/publicacao?cnpj=13998559000102,PNCP_API_CONSULTA,Médio (Específico da Entidade)
1305,CANAL DE COMPRAS BRASIL,51.153.042/0001-01,2026-02-27,Entidade Pública / Municipal,Municipal,Local,Provedor Integrado via API PNCP,https://pncp.gov.br/app/editais?q=&status=recebendo_proposta&orgao=51153042000101,https://pncp.gov.br/api/consulta/v1/contratacoes/publicacao?cnpj=51153042000101,PNCP_API_CONSULTA,Médio (Específico da Entidade)
1544,PREFEITURA MUNICIPAL DE SALOA,11.455.714/0001-00,2026-03-19,Prefeitura / Poder Executivo Municipal,Municipal,Municipal,Provedor Integrado via API PNCP,https://pncp.gov.br/app/editais?q=&status=recebendo_proposta&orgao=11455714000100,https://pncp.gov.br/api/consulta/v1/contratacoes/publicacao?cnpj=11455714000100,PNCP_API_CONSULTA,Médio (Específico da Entidade)
1621,WESLEY BEZERRA FARIAS 08744156324,42.148.615/0001-00,2026-03-25,Entidade Pública / Municipal,Municipal,Local,Provedor Integrado via API PNCP,https://pncp.gov.br/app/editais?q=&status=recebendo_proposta&orgao=42148615000100,https://pncp.gov.br/api/consulta/v1/contratacoes/publicacao?cnpj=42148615000100,PNCP_API_CONSULTA,Médio (Específico da Entidade)
1785,CEDRIQUE GUEDES PEREIRA / GUEDES SOLUTIONS,38.084.631/0001-09,2026-04-09,Entidade Pública / Municipal,Municipal,Local,Provedor Integrado via API PNCP,https://pncp.gov.br/app/editais?q=&status=recebendo_proposta&orgao=38084631000109,https://pncp.gov.br/api/consulta/v1/contratacoes/publicacao?cnpj=38084631000109,PNCP_API_CONSULTA,Médio (Específico da Entidade)
2015,FENIX.COM CONTEUDO E TECNOLOGIA LTDA,01.141.809/0001-04,2026-05-04,Software House / GovTech ERP Municipal,Multi-esfera / Municipal,Multi-UF,Provedor Integrado via API PNCP,https://pncp.gov.br/app/editais?q=&status=recebendo_proposta&orgao=01141809000104,https://pncp.gov.br/api/consulta/v1/contratacoes/publicacao?cnpj=01141809000104,PNCP_API_CONSULTA,Médio (Específico da Entidade)
2164,PAGE CREDENCIA,12.904.312/0001-09,2026-05-15,Entidade Pública / Municipal,Municipal,Local,Provedor Integrado via API PNCP,https://pncp.gov.br/app/editais?q=&status=recebendo_proposta&orgao=12904312000109,https://pncp.gov.br/api/consulta/v1/contratacoes/publicacao?cnpj=12904312000109,PNCP_API_CONSULTA,Médio (Específico da Entidade)
2462,PUBLIDOCS TECNOLOGIA PUBLICACAO E SISTEMAS LTDA / PUBLIDOCS,64.063.520/0001-26,2026-06-09,Software House / GovTech ERP Municipal,Multi-esfera / Municipal,Multi-UF,Provedor Integrado via API PNCP,https://pncp.gov.br/app/editais?q=&status=recebendo_proposta&orgao=64063520000126,https://pncp.gov.br/api/consulta/v1/contratacoes/publicacao?cnpj=64063520000126,PNCP_API_CONSULTA,Médio (Específico da Entidade)
2522,MP ASSESSORIA E TECNOLOGIA LTDA,64.265.470/0001-60,2026-06-15,Software House / GovTech ERP Municipal,Multi-esfera / Municipal,Multi-UF,Provedor Integrado via API PNCP,https://pncp.gov.br/app/editais?q=&status=recebendo_proposta&orgao=64265470000160,https://pncp.gov.br/api/consulta/v1/contratacoes/publicacao?cnpj=64265470000160,PNCP_API_CONSULTA,Médio (Específico da Entidade)
2943,49.711.315 DANILO DA SILVA ALVES / SATOR ASSESSORIA CONTÁBIL,49.711.315/0001-36,2026-07-13,Entidade Pública / Municipal,Municipal,Local,Provedor Integrado via API PNCP,https://pncp.gov.br/app/editais?q=&status=recebendo_proposta&orgao=49711315000136,https://pncp.gov.br/api/consulta/v1/contratacoes/publicacao?cnpj=49711315000136,PNCP_API_CONSULTA,Médio (Específico da Entidade)
